{
    "activityid": 14313,
    "fields": {
        "Type": "Poster Presentation",
        "Title of Presentation": "Sources of variance in a special education teacher observation tool",
        "Conference / Meeting Name": "Pacific Coast Research Conference",
        "Conference Location": "San Diego",
        "Date or Date Range": "2013-02-28",
        "Actual/Projected Year of Publication/Presentation": 2013,
        "Sponsoring Organization": "Pacific Coast Research Conference",
        "Presenter(s)": null,
        "Web Address": "",
        "Description/Abstract": "",
        "Origin": "Other"
    },
    "facultyid": "112142993",
    "coauthors": {
        "61279": {
            "firstname": "Evelyn",
            "middleinitial": "S",
            "lastname": "Johnson",
            "percentcontribution": "0",
            "sameschoolflag": 1,
            "facultyid": "112142993",
            "authorid": 61279,
            "scholarlyactivityid": 14313
        }
    },
    "status": [
        {
            "id": 14313,
            "status": "Completed/Published",
            "term": "Spring",
            "year": 2013,
            "termid": "2012/03",
            "listingorder": 6,
            "completionorder": 6
        }
    ],
    "userid": "112142993",
    "attachments": []
}