{
    "activityid": 14310,
    "fields": {
        "Type": "Presentation",
        "Title of Presentation": "Schoolwide implementation of a combined RTI/PBS model: Fidelity, student outcomes, and social validity",
        "Conference/Meeting Name": "Council for Exceptional Children Annual Convention and Expo",
        "Conference Location": "National Harbor, MD",
        "Date or Date Range": "2011-04-30",
        "Actual/Projected Year of Publication/Presentation": 2011,
        "Sponsoring Organization": "",
        "Presenter(s)": null,
        "Web Address": "",
        "Description/Abstract": "",
        "Origin": "Other"
    },
    "facultyid": "112142993",
    "coauthors": {
        "61273": {
            "firstname": "Evelyn",
            "middleinitial": "S",
            "lastname": "Johnson",
            "percentcontribution": "0",
            "sameschoolflag": 1,
            "facultyid": "112142993",
            "authorid": 61273,
            "scholarlyactivityid": 14310
        },
        "61274": {
            "firstname": "Deborah",
            "middleinitial": "Russell",
            "lastname": "Carter",
            "percentcontribution": "0",
            "sameschoolflag": 1,
            "facultyid": "111663911",
            "authorid": 61274,
            "scholarlyactivityid": 14310
        },
        "61275": {
            "firstname": "Juli",
            "middleinitial": "Lull",
            "lastname": "Pool",
            "percentcontribution": "0",
            "sameschoolflag": 1,
            "facultyid": "112143937",
            "authorid": 61275,
            "scholarlyactivityid": 14310
        }
    },
    "status": [
        {
            "id": 14310,
            "status": "Completed/Published",
            "term": "Spring",
            "year": 2011,
            "termid": "2010/03",
            "listingorder": 6,
            "completionorder": 6
        }
    ],
    "userid": "112142993",
    "attachments": []
}