{
    "activityid": 14324,
    "fields": {
        "Type": "Presentation",
        "Title of Presentation": "Photogrammetry and Seismic observations of eruptive activity at Santiaguito volcano, Guatemala 2007-2012",
        "Conference/Meeting Name": "Seismological Society of America Spring Meeting 2012",
        "Conference Location": "San Diego, CA",
        "Date or Date Range": "1966-01-01",
        "Actual/Projected Year of Publication/Presentation": 1966,
        "Sponsoring Organization": "Seismological Society of America",
        "Presenter(s)": null,
        "Web Address": "",
        "Description/Abstract": "The Santiaguito Volcano complex in Guatemala has been continuously active since 1922, with eruptive activity centered at the Caliente dome since 1967. Multi-sensor studies carried out in 2007, 2009, and 2012 indicate that explosions have become less frequent and more intense during the past five years. Seismic events recorded at Santiaguito include explosive degassing, block and ash flows, and tremor. Source processes often occur simultaneously, producing signals which can be difficult to interpret. Time lapse photography collected in 2012 allows discrimination of rockfalls and explosions within the seismic record. Photogrammetry of the 2012 dome indicates lava flow velocities on the order of 10 m per hour and local inflation/deflation of ~1 m per minute. Seismic data from 2012 contain several distinct recurring waveforms, which in this study are characterized according to spectral content and other parameters. Source processes for these waveforms are identified using a combination of methods with emphasis on seismic and optical observations. We use data from the more comprehensive 2012 deployment to inform interpretation of previously collected seismic data. Events over the 2007-2012 period are catalogued according to selected criteria. Using statistical analyses, we identify variations in seismic activity between the three deployments, and discuss implications for eruptive processes at Santiaguito.",
        "Origin": "Other"
    },
    "facultyid": "113150379",
    "coauthors": {
        "61323": {
            "firstname": "Jeffrey",
            "middleinitial": "",
            "lastname": "Johnson",
            "percentcontribution": "0",
            "sameschoolflag": 1,
            "facultyid": "113150379",
            "authorid": 61323,
            "scholarlyactivityid": 14324
        },
        "61324": {
            "firstname": "Andrew",
            "middleinitial": "",
            "lastname": "Nies",
            "percentcontribution": "0",
            "sameschoolflag": 0,
            "facultyid": null,
            "authorid": 61324,
            "scholarlyactivityid": 14324
        },
        "61325": {
            "firstname": "Jonathan",
            "middleinitial": "",
            "lastname": "Lees",
            "percentcontribution": "0",
            "sameschoolflag": 0,
            "facultyid": null,
            "authorid": 61325,
            "scholarlyactivityid": 14324
        },
        "61326": {
            "firstname": "Ben",
            "middleinitial": "",
            "lastname": "Andrews",
            "percentcontribution": "0",
            "sameschoolflag": 0,
            "facultyid": null,
            "authorid": 61326,
            "scholarlyactivityid": 14324
        },
        "61327": {
            "firstname": "Jake",
            "middleinitial": "",
            "lastname": "Anderson",
            "percentcontribution": "0",
            "sameschoolflag": 0,
            "facultyid": null,
            "authorid": 61327,
            "scholarlyactivityid": 14324
        }
    },
    "status": [
        {
            "id": 14324,
            "status": "Completed/Published",
            "term": "Summer",
            "year": 1966,
            "termid": "1966/01",
            "listingorder": 6,
            "completionorder": 6
        }
    ],
    "userid": "113150379",
    "attachments": []
}