{
    "activityid": 14346,
    "fields": {
        "Type": "Presentation",
        "Title of Presentation": "Specific Learning Disability Eligibility Criteria",
        "Conference/Meeting Name": "Three part Webinar series",
        "Conference Location": "",
        "Date or Date Range": "2010-01-31",
        "Actual/Projected Year of Publication/Presentation": 2010,
        "Sponsoring Organization": " IDLA",
        "Presenter(s)": null,
        "Web Address": "",
        "Description/Abstract": "",
        "Origin": "Other"
    },
    "facultyid": "112142993",
    "coauthors": {
        "61379": {
            "firstname": "Evelyn",
            "middleinitial": "S",
            "lastname": "Johnson",
            "percentcontribution": "0",
            "sameschoolflag": 1,
            "facultyid": "112142993",
            "authorid": 61379,
            "scholarlyactivityid": 14346
        }
    },
    "status": [
        {
            "id": 14346,
            "status": "Completed/Published",
            "term": "Spring",
            "year": 2010,
            "termid": "2009/03",
            "listingorder": 6,
            "completionorder": 6
        }
    ],
    "userid": "112142993",
    "attachments": []
}