{
    "activityid": 14352,
    "fields": {
        "Type": "Presentation",
        "Title of Presentation": " Cognitive Processing Deficits: Research Base to Inform Identification Policy",
        "Conference/Meeting Name": "Learning Disabilities Association",
        "Conference Location": "Jacksonville, FL",
        "Date or Date Range": "2011-02-24",
        "Actual/Projected Year of Publication/Presentation": 2011,
        "Sponsoring Organization": "",
        "Presenter(s)": null,
        "Web Address": "",
        "Description/Abstract": "",
        "Origin": "Other"
    },
    "facultyid": "112142993",
    "coauthors": {
        "61391": {
            "firstname": "Evelyn",
            "middleinitial": "S",
            "lastname": "Johnson",
            "percentcontribution": "0",
            "sameschoolflag": 1,
            "facultyid": "112142993",
            "authorid": 61391,
            "scholarlyactivityid": 14352
        }
    },
    "status": [
        {
            "id": 14352,
            "status": "Completed/Published",
            "term": "Spring",
            "year": 2011,
            "termid": "2010/03",
            "listingorder": 6,
            "completionorder": 6
        }
    ],
    "userid": "112142993",
    "attachments": []
}