{
    "activityid": 14363,
    "fields": {
        "Type": "Presentation",
        "Title of Presentation": "What is Screening?",
        "Conference/Meeting Name": "National Council for Learning Disabilities Webinar",
        "Conference Location": "",
        "Date or Date Range": "2009-09-17",
        "Actual/Projected Year of Publication/Presentation": 2009,
        "Sponsoring Organization": "",
        "Presenter(s)": null,
        "Web Address": "",
        "Description/Abstract": "",
        "Origin": "Other"
    },
    "facultyid": "112142993",
    "coauthors": {
        "61405": {
            "firstname": "Evelyn",
            "middleinitial": "S",
            "lastname": "Johnson",
            "percentcontribution": "0",
            "sameschoolflag": 1,
            "facultyid": "112142993",
            "authorid": 61405,
            "scholarlyactivityid": 14363
        }
    },
    "status": [
        {
            "id": 14363,
            "status": "Completed/Published",
            "term": "Fall",
            "year": 2009,
            "termid": "2009/02",
            "listingorder": 6,
            "completionorder": 6
        }
    ],
    "userid": "112142993",
    "attachments": []
}