{
    "activityid": 14370,
    "fields": {
        "Type": "Presentation",
        "Title of Presentation": "Identifying Students as At-Risk for Reading Failure: What Measures Work Well?",
        "Conference/Meeting Name": "Society for the Scientific Studies of Reading",
        "Conference Location": "Asheville, NC",
        "Date or Date Range": "2008-07-31",
        "Actual/Projected Year of Publication/Presentation": 2008,
        "Sponsoring Organization": "",
        "Presenter(s)": null,
        "Web Address": "",
        "Description/Abstract": "",
        "Origin": "Other"
    },
    "facultyid": "112142993",
    "coauthors": {
        "61412": {
            "firstname": "Evelyn",
            "middleinitial": "S",
            "lastname": "Johnson",
            "percentcontribution": "0",
            "sameschoolflag": 1,
            "facultyid": "112142993",
            "authorid": 61412,
            "scholarlyactivityid": 14370
        }
    },
    "status": [
        {
            "id": 14370,
            "status": "Completed/Published",
            "term": "Summer",
            "year": 2008,
            "termid": "2008/01",
            "listingorder": 6,
            "completionorder": 6
        }
    ],
    "userid": "112142993",
    "attachments": []
}