{
    "activityid": 14375,
    "fields": {
        "Type": "Presentation",
        "Title of Presentation": "Research to Practice in RTI",
        "Conference/Meeting Name": "IDAESP/IDSEA Leadership Conference",
        "Conference Location": "Boise, ID",
        "Date or Date Range": "2007-10-31",
        "Actual/Projected Year of Publication/Presentation": 2007,
        "Sponsoring Organization": "",
        "Presenter(s)": null,
        "Web Address": "",
        "Description/Abstract": "",
        "Origin": "Other"
    },
    "facultyid": "112142993",
    "coauthors": {
        "61417": {
            "firstname": "Evelyn",
            "middleinitial": "S",
            "lastname": "Johnson",
            "percentcontribution": "0",
            "sameschoolflag": 1,
            "facultyid": "112142993",
            "authorid": 61417,
            "scholarlyactivityid": 14375
        }
    },
    "status": [
        {
            "id": 14375,
            "status": "Completed/Published",
            "term": "Fall",
            "year": 2007,
            "termid": "2007/02",
            "listingorder": 6,
            "completionorder": 6
        }
    ],
    "userid": "112142993",
    "attachments": []
}