{
    "activityid": 14386,
    "fields": {
        "Type": "Presentation",
        "Title of Presentation": "Community Guide to Preventive Services \u2013 Early Childhood Education Chapter",
        "Conference/Meeting Name": "Center for Child Development and Well-Being",
        "Conference Location": "Atlanta, GA",
        "Date or Date Range": "2000-06-30",
        "Actual/Projected Year of Publication/Presentation": 2000,
        "Sponsoring Organization": "",
        "Presenter(s)": null,
        "Web Address": "",
        "Description/Abstract": "",
        "Origin": "Other"
    },
    "facultyid": "112142993",
    "coauthors": {
        "61428": {
            "firstname": "Evelyn",
            "middleinitial": "S",
            "lastname": "Johnson",
            "percentcontribution": "0",
            "sameschoolflag": 1,
            "facultyid": "112142993",
            "authorid": 61428,
            "scholarlyactivityid": 14386
        }
    },
    "status": [
        {
            "id": 14386,
            "status": "Completed/Published",
            "term": "Summer",
            "year": 2000,
            "termid": "2000/01",
            "listingorder": 6,
            "completionorder": 6
        }
    ],
    "userid": "112142993",
    "attachments": []
}