{
    "activityid": 14516,
    "fields": {
        "Type": "Presentation",
        "Title of Presentation": "Relating the Jones and Kauffman bracket skein modules of oriented 3-manifolds",
        "Conference/Meeting Name": "2012 Spring Southeastern Section Meeting ",
        "Conference Location": "Tampa, FL",
        "Date or Date Range": "2012-03-10",
        "Actual/Projected Year of Publication/Presentation": 2012,
        "Sponsoring Organization": "AMS",
        "Presenter(s)": null,
        "Web Address": "http://www.ams.org/amsmtgs/2188_abstracts/1079-57-251.pdf",
        "Description/Abstract": "We define and discuss epimorphisms from Jones skein modules onto Kauman bracket skein modules. This is generalizing\nKauffman's normalization of the Kauffman bracket of a planar diagram to get the Jones polynomial. The main ingredient\nis the definition of a writhe invariant of framed 1-manifolds in oriented compact 3-manifolds. This is related to work of\nPrzytycki on the q-analogue of the first homology group.",
        "Origin": "Other"
    },
    "facultyid": "111669772",
    "coauthors": {
        "61699": {
            "firstname": "Uwe",
            "middleinitial": "",
            "lastname": "Kaiser",
            "percentcontribution": "0",
            "sameschoolflag": 1,
            "facultyid": "111669772",
            "authorid": 61699,
            "scholarlyactivityid": 14516
        }
    },
    "status": [
        {
            "id": 14516,
            "status": "Completed/Published",
            "term": "Spring",
            "year": 2012,
            "termid": "2011/03",
            "listingorder": 6,
            "completionorder": 6
        }
    ],
    "userid": "111669772",
    "attachments": []
}