{
    "activityid": 14524,
    "fields": {
        "Type": "Presentation",
        "Title of Presentation": "Adaptable Guided Inquiry Activities for Multivariable and Vector Calculus",
        "Conference/Meeting Name": "Mathematics Department Teaching Talks",
        "Conference Location": "MB 139",
        "Date or Date Range": "2015-11-10",
        "Actual/Projected Year of Publication/Presentation": 2015,
        "Sponsoring Organization": "Mathematics",
        "Presenter(s)": null,
        "Web Address": "",
        "Description/Abstract": "",
        "Origin": "Other"
    },
    "facultyid": "111669772",
    "coauthors": {
        "61726": {
            "firstname": "Mary",
            "middleinitial": "Jarratt",
            "lastname": "Smith",
            "percentcontribution": "0",
            "sameschoolflag": 1,
            "facultyid": "111110602",
            "authorid": 61726,
            "scholarlyactivityid": 14524
        },
        "61727": {
            "firstname": "Uwe",
            "middleinitial": "",
            "lastname": "Kaiser",
            "percentcontribution": "0",
            "sameschoolflag": 1,
            "facultyid": "111669772",
            "authorid": 61727,
            "scholarlyactivityid": 14524
        },
        "61728": {
            "firstname": "Shari",
            "middleinitial": "",
            "lastname": "Ultman",
            "percentcontribution": "0",
            "sameschoolflag": 1,
            "facultyid": "113037813",
            "authorid": 61728,
            "scholarlyactivityid": 14524
        },
        "61729": {
            "firstname": "Jean",
            "middleinitial": "",
            "lastname": "Schneider",
            "percentcontribution": "0",
            "sameschoolflag": 1,
            "facultyid": "111267106",
            "authorid": 61729,
            "scholarlyactivityid": 14524
        }
    },
    "status": [
        {
            "id": 14524,
            "status": "Completed/Published",
            "term": "Fall",
            "year": 2015,
            "termid": "2015/02",
            "listingorder": 6,
            "completionorder": 6
        }
    ],
    "userid": "111669772",
    "attachments": []
}