{
    "activityid": 14525,
    "fields": {
        "Type": "Presentation",
        "Title of Presentation": "Mathematical Knowledge for Teaching Functions and Modeling",
        "Conference/Meeting Name": "Annual Joint Mathematics Meetings",
        "Conference Location": "San Diego, CA",
        "Date or Date Range": "2013-01-09",
        "Actual/Projected Year of Publication/Presentation": 2013,
        "Sponsoring Organization": "American Mathematical Society",
        "Presenter(s)": null,
        "Web Address": "",
        "Description/Abstract": "",
        "Origin": "Other"
    },
    "facultyid": "111669772",
    "coauthors": {
        "61730": {
            "firstname": "Laurie",
            "middleinitial": "O",
            "lastname": "Cavey",
            "percentcontribution": "0",
            "sameschoolflag": 1,
            "facultyid": "113017246",
            "authorid": 61730,
            "scholarlyactivityid": 14525
        },
        "61731": {
            "firstname": "Uwe",
            "middleinitial": "",
            "lastname": "Kaiser",
            "percentcontribution": "0",
            "sameschoolflag": 1,
            "facultyid": "111669772",
            "authorid": 61731,
            "scholarlyactivityid": 14525
        },
        "61732": {
            "firstname": "Margaret",
            "middleinitial": "",
            "lastname": "Kinzel",
            "percentcontribution": "0",
            "sameschoolflag": 1,
            "facultyid": "111643697",
            "authorid": 61732,
            "scholarlyactivityid": 14525
        }
    },
    "status": [
        {
            "id": 14525,
            "status": "Completed/Published",
            "term": "Spring",
            "year": 2013,
            "termid": "2012/03",
            "listingorder": 6,
            "completionorder": 6
        }
    ],
    "userid": "111669772",
    "attachments": []
}