{
    "activityid": 14523,
    "fields": {
        "Type": "Poster Presentation",
        "Title of Presentation": "Adaptable Guided Inquiry Activities for Multivariable and Vector Calculus",
        "Conference / Meeting Name": "Great Ideas In Teaching and Learning Symposium",
        "Conference Location": "Boise State University",
        "Date or Date Range": "2016-01-05",
        "Actual/Projected Year of Publication/Presentation": 2016,
        "Sponsoring Organization": "Boise State University/Center for Teaching and Learning",
        "Presenter(s)": null,
        "Web Address": "",
        "Description/Abstract": "(This material is based upon work supported by the National Science Foundation under Grant No. (DUE- 1347830) as part of a WIDER PERSIST Partner Project.)\n",
        "Origin": "Other"
    },
    "facultyid": "111669772",
    "coauthors": {
        "61722": {
            "firstname": "Shari",
            "middleinitial": "",
            "lastname": "Ultman",
            "percentcontribution": "0",
            "sameschoolflag": 1,
            "facultyid": "113037813",
            "authorid": 61722,
            "scholarlyactivityid": 14523
        },
        "61723": {
            "firstname": "Mary",
            "middleinitial": "Jarratt",
            "lastname": "Smith",
            "percentcontribution": "0",
            "sameschoolflag": 1,
            "facultyid": "111110602",
            "authorid": 61723,
            "scholarlyactivityid": 14523
        },
        "61724": {
            "firstname": "Uwe",
            "middleinitial": "",
            "lastname": "Kaiser",
            "percentcontribution": "0",
            "sameschoolflag": 1,
            "facultyid": "111669772",
            "authorid": 61724,
            "scholarlyactivityid": 14523
        },
        "61725": {
            "firstname": "Jean",
            "middleinitial": "",
            "lastname": "Schneider",
            "percentcontribution": "0",
            "sameschoolflag": 1,
            "facultyid": "111267106",
            "authorid": 61725,
            "scholarlyactivityid": 14523
        }
    },
    "status": [
        {
            "id": 14523,
            "status": "Completed/Published",
            "term": "Spring",
            "year": 2016,
            "termid": "2015/03",
            "listingorder": 6,
            "completionorder": 6
        }
    ],
    "userid": "111669772",
    "attachments": []
}