{
    "activityid": 14536,
    "fields": {
        "Type": "Presentation",
        "Title of Presentation": "Hemingway, Guill\u00e9n, and Carpentier",
        "Conference/Meeting Name": "Ernest Hemingway Festival",
        "Conference Location": "Ketchum, ID",
        "Date or Date Range": "2014-09-06",
        "Actual/Projected Year of Publication/Presentation": 2014,
        "Sponsoring Organization": "Community Library",
        "Presenter(s)": null,
        "Web Address": "",
        "Description/Abstract": "",
        "Origin": "Other"
    },
    "facultyid": "112093478",
    "coauthors": {
        "61778": {
            "firstname": "Adrian",
            "middleinitial": "Taylor",
            "lastname": "Kane",
            "percentcontribution": "0",
            "sameschoolflag": 1,
            "facultyid": "112093478",
            "authorid": 61778,
            "scholarlyactivityid": 14536
        }
    },
    "status": [
        {
            "id": 14536,
            "status": "Completed/Published",
            "term": "Fall",
            "year": 2014,
            "termid": "2014/02",
            "listingorder": 6,
            "completionorder": 6
        }
    ],
    "userid": "112093478",
    "attachments": []
}