{
    "activityid": 14539,
    "fields": {
        "Type": "Presentation",
        "Title of Presentation": "Blood in the Water: Rivers and Resistance in Central American Literature and Film",
        "Conference/Meeting Name": "Rocky Mountain Modern Language Association Annual Convention",
        "Conference Location": "Boulder Colorado",
        "Date or Date Range": "2012-10-11",
        "Actual/Projected Year of Publication/Presentation": 2012,
        "Sponsoring Organization": "Rocky Mountain Modern Language Association",
        "Presenter(s)": null,
        "Web Address": "",
        "Description/Abstract": "In this paper I  analyze Guatemalan author Arturo Arias\u2019s 1979 novel Despu\u00e9s de las bombas, Salvadoran director Luis Mandoki\u2019s 2004 film Voces inocentes and his compatriot Mario Bencastro\u2019s 1997 novella \u201cHab\u00eda una vez un r\u00edo.\u201d By approaching these works through the lens of trauma studies, I argue that the river in both works becomes a powerful metaphor for the psychological and physical wounds inflicted during Guatemala\u2019s and El Salvador\u2019s civil wars. ",
        "Origin": "Other"
    },
    "facultyid": "112093478",
    "coauthors": {
        "61781": {
            "firstname": "Adrian",
            "middleinitial": "Taylor",
            "lastname": "Kane",
            "percentcontribution": "0",
            "sameschoolflag": 1,
            "facultyid": "112093478",
            "authorid": 61781,
            "scholarlyactivityid": 14539
        }
    },
    "status": [
        {
            "id": 14539,
            "status": "Completed/Published",
            "term": "Fall",
            "year": 2012,
            "termid": "2012/02",
            "listingorder": 6,
            "completionorder": 6
        }
    ],
    "userid": "112093478",
    "attachments": []
}