{
    "activityid": 14688,
    "fields": {
        "Type": "Presentation",
        "Title of Presentation": "Atomic Force Microscopy: Potential Applications on the Study of Transmembrane Proteins",
        "Conference/Meeting Name": "AAAS Pacific Division 93rd Annual Meeting",
        "Conference Location": "Boise, ID ",
        "Date or Date Range": "2012-06-27",
        "Actual/Projected Year of Publication/Presentation": 2012,
        "Sponsoring Organization": "AAAS",
        "Presenter(s)": null,
        "Web Address": "",
        "Description/Abstract": "",
        "Origin": "Other"
    },
    "facultyid": "112033875",
    "coauthors": {
        "62069": {
            "firstname": "Byung",
            "middleinitial": "Il",
            "lastname": "Kim",
            "percentcontribution": "0",
            "sameschoolflag": 1,
            "facultyid": "112033875",
            "authorid": 62069,
            "scholarlyactivityid": 14688
        }
    },
    "status": [
        {
            "id": 14688,
            "status": "Completed/Published",
            "term": "Summer",
            "year": 2012,
            "termid": "2012/01",
            "listingorder": 6,
            "completionorder": 6
        }
    ],
    "userid": "112033875",
    "attachments": []
}