{
    "activityid": 14695,
    "fields": {
        "Type": "Poster Presentation",
        "Title of Presentation": "Single Biomolecular Interaction Measurements using a COIFM with an Optical Fiber Tip",
        "Conference / Meeting Name": "Undergraduate Research and Scholarship Conference presentation",
        "Conference Location": "Boise, Idaho ",
        "Date or Date Range": "2014-04-21",
        "Actual/Projected Year of Publication/Presentation": 2014,
        "Sponsoring Organization": "Boise State University",
        "Presenter(s)": null,
        "Web Address": "",
        "Description/Abstract": "",
        "Origin": "Other"
    },
    "facultyid": "112033875",
    "coauthors": {
        "62083": {
            "firstname": "Steven",
            "middleinitial": "",
            "lastname": "Heydendahl",
            "percentcontribution": "0",
            "sameschoolflag": 0,
            "facultyid": null,
            "authorid": 62083,
            "scholarlyactivityid": 14695
        },
        "62084": {
            "firstname": "Ryan",
            "middleinitial": "D.",
            "lastname": "Boehm",
            "percentcontribution": "0",
            "sameschoolflag": 0,
            "facultyid": null,
            "authorid": 62084,
            "scholarlyactivityid": 14695
        },
        "62085": {
            "firstname": "Byung",
            "middleinitial": "I",
            "lastname": "Kim",
            "percentcontribution": "0",
            "sameschoolflag": 1,
            "facultyid": "112033875",
            "authorid": 62085,
            "scholarlyactivityid": 14695
        }
    },
    "status": [
        {
            "id": 14695,
            "status": "Completed/Published",
            "term": "Spring",
            "year": 2014,
            "termid": "2013/03",
            "listingorder": 6,
            "completionorder": 6
        }
    ],
    "userid": "112033875",
    "attachments": []
}