{
    "activityid": 14694,
    "fields": {
        "Type": "Poster Presentation",
        "Title of Presentation": "IDBR: Development of a Cantilever-Based Optical Interfacial Force Microscope",
        "Conference / Meeting Name": "2014 National Science Foundation IDBR PI workshop",
        "Conference Location": "Holiday Inn Rosslyn, Arlington VA",
        "Date or Date Range": "2014-05-02",
        "Actual/Projected Year of Publication/Presentation": 2014,
        "Sponsoring Organization": "National Science Foundation IDBR",
        "Presenter(s)": null,
        "Web Address": "",
        "Description/Abstract": "",
        "Origin": "Other"
    },
    "facultyid": "112033875",
    "coauthors": {
        "62082": {
            "firstname": "Byung",
            "middleinitial": "I.",
            "lastname": "Kim",
            "percentcontribution": "0",
            "sameschoolflag": 1,
            "facultyid": "112033875",
            "authorid": 62082,
            "scholarlyactivityid": 14694
        }
    },
    "status": [
        {
            "id": 14694,
            "status": "Completed/Published",
            "term": "Spring",
            "year": 2014,
            "termid": "2013/03",
            "listingorder": 6,
            "completionorder": 6
        }
    ],
    "userid": "112033875",
    "attachments": []
}