{
    "activityid": 14705,
    "fields": {
        "Type": "Poster Presentation",
        "Title of Presentation": "Characterization of a Photoswitchable Spiropyran Surface in Water by Atomic Force Microscopy and Interfacial Force Microscopy",
        "Conference / Meeting Name": "9th Annual Undergraduate Research &amp; Scholarship  Conference",
        "Conference Location": "Boise State University",
        "Date or Date Range": "2012-04-16",
        "Actual/Projected Year of Publication/Presentation": 2012,
        "Sponsoring Organization": "",
        "Presenter(s)": null,
        "Web Address": "",
        "Description/Abstract": "",
        "Origin": "Other"
    },
    "facultyid": "112033875",
    "coauthors": {
        "62111": {
            "firstname": "Lynn",
            "middleinitial": "Ann",
            "lastname": "Hoppert",
            "percentcontribution": "0",
            "sameschoolflag": 0,
            "facultyid": null,
            "authorid": 62111,
            "scholarlyactivityid": 14705
        },
        "62112": {
            "firstname": "Byung",
            "middleinitial": "Il",
            "lastname": "Kim",
            "percentcontribution": "0",
            "sameschoolflag": 1,
            "facultyid": "112033875",
            "authorid": 62112,
            "scholarlyactivityid": 14705
        }
    },
    "status": [
        {
            "id": 14705,
            "status": "Completed/Published",
            "term": "Spring",
            "year": 2012,
            "termid": "2011/03",
            "listingorder": 6,
            "completionorder": 6
        }
    ],
    "userid": "112033875",
    "attachments": []
}