{
    "activityid": 14703,
    "fields": {
        "Type": "Poster Presentation",
        "Title of Presentation": "A Single Molecular AFM-FET Biosensor Using nanomanipulation",
        "Conference / Meeting Name": "9th Annual Undergraduate Research &amp; Scholarship  Conference",
        "Conference Location": "Boise State University",
        "Date or Date Range": "2012-04-16",
        "Actual/Projected Year of Publication/Presentation": 2012,
        "Sponsoring Organization": "",
        "Presenter(s)": null,
        "Web Address": "",
        "Description/Abstract": "",
        "Origin": "Other"
    },
    "facultyid": "112033875",
    "coauthors": {
        "62106": {
            "firstname": "Moon",
            "middleinitial": "",
            "lastname": "Ryu",
            "percentcontribution": "0",
            "sameschoolflag": 0,
            "facultyid": null,
            "authorid": 62106,
            "scholarlyactivityid": 14703
        },
        "62107": {
            "firstname": "Joseph",
            "middleinitial": "",
            "lastname": "Holmes",
            "percentcontribution": "0",
            "sameschoolflag": 0,
            "facultyid": null,
            "authorid": 62107,
            "scholarlyactivityid": 14703
        },
        "62108": {
            "firstname": "Byung",
            "middleinitial": "Il",
            "lastname": "Kim",
            "percentcontribution": "0",
            "sameschoolflag": 1,
            "facultyid": "112033875",
            "authorid": 62108,
            "scholarlyactivityid": 14703
        }
    },
    "status": [
        {
            "id": 14703,
            "status": "Completed/Published",
            "term": "Spring",
            "year": 2012,
            "termid": "2011/03",
            "listingorder": 6,
            "completionorder": 6
        }
    ],
    "userid": "112033875",
    "attachments": []
}