{
    "activityid": 14713,
    "fields": {
        "Type": "Poster Presentation",
        "Title of Presentation": "Long-Term Structural Changes of Plasmid DNA",
        "Conference / Meeting Name": "National Council for Undergraduate Research Conference",
        "Conference Location": "Weber State University in Ogden, Utah",
        "Date or Date Range": "2012-03-29",
        "Actual/Projected Year of Publication/Presentation": 2012,
        "Sponsoring Organization": "National Council for Undergraduate Research",
        "Presenter(s)": null,
        "Web Address": "",
        "Description/Abstract": "",
        "Origin": "Other"
    },
    "facultyid": "112033875",
    "coauthors": {
        "62138": {
            "firstname": "Reilly",
            "middleinitial": "",
            "lastname": "Clark",
            "percentcontribution": "0",
            "sameschoolflag": 0,
            "facultyid": null,
            "authorid": 62138,
            "scholarlyactivityid": 14713
        },
        "62139": {
            "firstname": "Tyler",
            "middleinitial": "",
            "lastname": "Clark",
            "percentcontribution": "0",
            "sameschoolflag": 0,
            "facultyid": null,
            "authorid": 62139,
            "scholarlyactivityid": 14713
        },
        "62140": {
            "firstname": "Byung",
            "middleinitial": "Il",
            "lastname": "Kim",
            "percentcontribution": "0",
            "sameschoolflag": 1,
            "facultyid": "112033875",
            "authorid": 62140,
            "scholarlyactivityid": 14713
        }
    },
    "status": [
        {
            "id": 14713,
            "status": "Completed/Published",
            "term": "Spring",
            "year": 2012,
            "termid": "2011/03",
            "listingorder": 6,
            "completionorder": 6
        }
    ],
    "userid": "112033875",
    "attachments": []
}