{
    "activityid": 14718,
    "fields": {
        "Type": "Poster Presentation",
        "Title of Presentation": "Chiral Recognition of 4, 4\u2019 Biphenyl-dicarboxylic acid on Pd(111) and Au(111) Studied by Electrochemical-Scanning Tunneling Microscopy",
        "Conference / Meeting Name": "7th Annual Undergraduate Research &amp; Scholarship",
        "Conference Location": "Boise State University",
        "Date or Date Range": "2010-12-31",
        "Actual/Projected Year of Publication/Presentation": 2010,
        "Sponsoring Organization": "",
        "Presenter(s)": null,
        "Web Address": "",
        "Description/Abstract": "",
        "Origin": "Other"
    },
    "facultyid": "112033875",
    "coauthors": {
        "62151": {
            "firstname": "Byung",
            "middleinitial": "Il",
            "lastname": "Kim",
            "percentcontribution": "0",
            "sameschoolflag": 1,
            "facultyid": "112033875",
            "authorid": 62151,
            "scholarlyactivityid": 14718
        },
        "62152": {
            "firstname": "Joey",
            "middleinitial": "",
            "lastname": "Hanson",
            "percentcontribution": "0",
            "sameschoolflag": 0,
            "facultyid": null,
            "authorid": 62152,
            "scholarlyactivityid": 14718
        }
    },
    "status": [
        {
            "id": 14718,
            "status": "Completed/Published",
            "term": "Fall",
            "year": 2010,
            "termid": "2010/02",
            "listingorder": 6,
            "completionorder": 6
        }
    ],
    "userid": "112033875",
    "attachments": []
}