{
    "activityid": 14714,
    "fields": {
        "Type": "Poster Presentation",
        "Title of Presentation": "Characterization of a Photoswitchable Spiropyran Surface in Water by interfacial force microscopy",
        "Conference / Meeting Name": "8th Annual Undergraduate Research &amp; Scholarship Conference",
        "Conference Location": "Boise State University",
        "Date or Date Range": "2011-12-31",
        "Actual/Projected Year of Publication/Presentation": 2011,
        "Sponsoring Organization": "",
        "Presenter(s)": null,
        "Web Address": "",
        "Description/Abstract": "",
        "Origin": "Other"
    },
    "facultyid": "112033875",
    "coauthors": {
        "62141": {
            "firstname": "Byung",
            "middleinitial": "Il",
            "lastname": "Kim",
            "percentcontribution": "0",
            "sameschoolflag": 1,
            "facultyid": "112033875",
            "authorid": 62141,
            "scholarlyactivityid": 14714
        },
        "62142": {
            "firstname": "Lynn",
            "middleinitial": "Ann",
            "lastname": "Hoppert",
            "percentcontribution": "0",
            "sameschoolflag": 0,
            "facultyid": null,
            "authorid": 62142,
            "scholarlyactivityid": 14714
        }
    },
    "status": [
        {
            "id": 14714,
            "status": "Completed/Published",
            "term": "Fall",
            "year": 2011,
            "termid": "2011/02",
            "listingorder": 6,
            "completionorder": 6
        }
    ],
    "userid": "112033875",
    "attachments": []
}