{
    "activityid": 14733,
    "fields": {
        "Type": "Poster Presentation",
        "Title of Presentation": "Probing Interfacial Water in Confined Spaces with a Novel Cantilever Based Optical Interfacial Force Microscope",
        "Conference / Meeting Name": "Idaho Utah Section of AAPT 27th Annual Spring Meeting ",
        "Conference Location": "Nampa, Idaho ",
        "Date or Date Range": "2008-12-31",
        "Actual/Projected Year of Publication/Presentation": 2008,
        "Sponsoring Organization": "",
        "Presenter(s)": null,
        "Web Address": "",
        "Description/Abstract": "",
        "Origin": "Other"
    },
    "facultyid": "112033875",
    "coauthors": {
        "62194": {
            "firstname": "Byung",
            "middleinitial": "Il",
            "lastname": "Kim",
            "percentcontribution": "0",
            "sameschoolflag": 1,
            "facultyid": "112033875",
            "authorid": 62194,
            "scholarlyactivityid": 14733
        },
        "62195": {
            "firstname": "Thanh",
            "middleinitial": "",
            "lastname": "Tran",
            "percentcontribution": "0",
            "sameschoolflag": 0,
            "facultyid": null,
            "authorid": 62195,
            "scholarlyactivityid": 14733
        }
    },
    "status": [
        {
            "id": 14733,
            "status": "Completed/Published",
            "term": "Fall",
            "year": 2008,
            "termid": "2008/02",
            "listingorder": 6,
            "completionorder": 6
        }
    ],
    "userid": "112033875",
    "attachments": []
}