{
    "activityid": 14735,
    "fields": {
        "Type": "Poster Presentation",
        "Title of Presentation": "Development of Novel Atomic Force Microscopy for Biological Studies",
        "Conference / Meeting Name": "Annual Boise State Day at the Legislature",
        "Conference Location": "Boise, ID",
        "Date or Date Range": "2006-12-31",
        "Actual/Projected Year of Publication/Presentation": 2006,
        "Sponsoring Organization": "",
        "Presenter(s)": null,
        "Web Address": "",
        "Description/Abstract": "",
        "Origin": "Other"
    },
    "facultyid": "112033875",
    "coauthors": {
        "62198": {
            "firstname": "Byung",
            "middleinitial": "Il",
            "lastname": "Kim",
            "percentcontribution": "0",
            "sameschoolflag": 1,
            "facultyid": "112033875",
            "authorid": 62198,
            "scholarlyactivityid": 14735
        },
        "62199": {
            "firstname": "J",
            "middleinitial": "J",
            "lastname": "Durrant",
            "percentcontribution": "0",
            "sameschoolflag": 0,
            "facultyid": null,
            "authorid": 62199,
            "scholarlyactivityid": 14735
        },
        "62200": {
            "firstname": "R",
            "middleinitial": "",
            "lastname": "Nuxoll",
            "percentcontribution": "0",
            "sameschoolflag": 0,
            "facultyid": null,
            "authorid": 62200,
            "scholarlyactivityid": 14735
        }
    },
    "status": [
        {
            "id": 14735,
            "status": "Completed/Published",
            "term": "Fall",
            "year": 2006,
            "termid": "2006/02",
            "listingorder": 6,
            "completionorder": 6
        }
    ],
    "userid": "112033875",
    "attachments": []
}