{
    "activityid": 14740,
    "fields": {
        "Type": "Poster Presentation",
        "Title of Presentation": "Probing the single molecular unbinding force between MTAN and HIA using atomic force microscopy",
        "Conference / Meeting Name": "5th Annual INBRE Research Conference",
        "Conference Location": "Moscow, ID",
        "Date or Date Range": "2006-08-06",
        "Actual/Projected Year of Publication/Presentation": 2006,
        "Sponsoring Organization": "Idaho INBRE",
        "Presenter(s)": null,
        "Web Address": "",
        "Description/Abstract": "",
        "Origin": "Other"
    },
    "facultyid": "112033875",
    "coauthors": {
        "62216": {
            "firstname": "Jenny",
            "middleinitial": "",
            "lastname": "Rice",
            "percentcontribution": "0",
            "sameschoolflag": 0,
            "facultyid": null,
            "authorid": 62216,
            "scholarlyactivityid": 14740
        },
        "62217": {
            "firstname": "Byung",
            "middleinitial": "Il",
            "lastname": "Kim",
            "percentcontribution": "0",
            "sameschoolflag": 1,
            "facultyid": "112033875",
            "authorid": 62217,
            "scholarlyactivityid": 14740
        }
    },
    "status": [
        {
            "id": 14740,
            "status": "Completed/Published",
            "term": "Summer",
            "year": 2006,
            "termid": "2006/01",
            "listingorder": 6,
            "completionorder": 6
        }
    ],
    "userid": "112033875",
    "attachments": []
}