{
    "activityid": 14749,
    "fields": {
        "Type": "Presentation",
        "Title of Presentation": "Single-Molecule Recognition and Manipulation Studied by Scanning Probe Microscopy",
        "Conference/Meeting Name": "Physics Department",
        "Conference Location": "Boise State University",
        "Date or Date Range": "2006-09-01",
        "Actual/Projected Year of Publication/Presentation": 2006,
        "Sponsoring Organization": "Boise State University",
        "Presenter(s)": null,
        "Web Address": "",
        "Description/Abstract": "",
        "Origin": "Other"
    },
    "facultyid": "112033875",
    "coauthors": {
        "62226": {
            "firstname": "Byung",
            "middleinitial": "Il",
            "lastname": "Kim",
            "percentcontribution": "0",
            "sameschoolflag": 1,
            "facultyid": "112033875",
            "authorid": 62226,
            "scholarlyactivityid": 14749
        }
    },
    "status": [
        {
            "id": 14749,
            "status": "Completed/Published",
            "term": "Fall",
            "year": 2006,
            "termid": "2006/02",
            "listingorder": 6,
            "completionorder": 6
        }
    ],
    "userid": "112033875",
    "attachments": []
}