{
    "activityid": 14741,
    "fields": {
        "Type": "Presentation",
        "Title of Presentation": "Biophysics Using Scanning Probe Microscopy (SPM)",
        "Conference/Meeting Name": "Biomolecular Sciences Ph.D. Program Faculty Research Seminar Series",
        "Conference Location": "Boise State University",
        "Date or Date Range": "2015-10-21",
        "Actual/Projected Year of Publication/Presentation": 2015,
        "Sponsoring Organization": "",
        "Presenter(s)": null,
        "Web Address": "",
        "Description/Abstract": "",
        "Origin": "Other"
    },
    "facultyid": "112033875",
    "coauthors": {
        "62218": {
            "firstname": "Byung",
            "middleinitial": "Il",
            "lastname": "Kim",
            "percentcontribution": "0",
            "sameschoolflag": 1,
            "facultyid": "112033875",
            "authorid": 62218,
            "scholarlyactivityid": 14741
        }
    },
    "status": [
        {
            "id": 14741,
            "status": "Completed/Published",
            "term": "Fall",
            "year": 2015,
            "termid": "2015/02",
            "listingorder": 6,
            "completionorder": 6
        }
    ],
    "userid": "112033875",
    "attachments": []
}