{
    "activityid": 14747,
    "fields": {
        "Type": "Presentation",
        "Title of Presentation": "An AFM-FET Biosensor for Proteomic Screening",
        "Conference/Meeting Name": "Department of Physics",
        "Conference Location": "Seoul, Korea",
        "Date or Date Range": "2012-07-03",
        "Actual/Projected Year of Publication/Presentation": 2012,
        "Sponsoring Organization": "Seoul National University",
        "Presenter(s)": null,
        "Web Address": "",
        "Description/Abstract": "",
        "Origin": "Other"
    },
    "facultyid": "112033875",
    "coauthors": {
        "62224": {
            "firstname": "Byung",
            "middleinitial": "Il",
            "lastname": "Kim",
            "percentcontribution": "0",
            "sameschoolflag": 1,
            "facultyid": "112033875",
            "authorid": 62224,
            "scholarlyactivityid": 14747
        }
    },
    "status": [
        {
            "id": 14747,
            "status": "Completed/Published",
            "term": "Summer",
            "year": 2012,
            "termid": "2012/01",
            "listingorder": 6,
            "completionorder": 6
        }
    ],
    "userid": "112033875",
    "attachments": []
}