{
    "activityid": 14809,
    "fields": {
        "Type": "Presentation",
        "Title of Presentation": " \u201cMeet  the Author: Joanne Klein\u2019s Invisible Men: The Secret Lives of Police Constables in Liverpool, Manchester and Birmingham, 1900-1939,\u201d ",
        "Conference/Meeting Name": "Social Science History Association",
        "Conference Location": "Boston, MA",
        "Date or Date Range": "2011-11-19",
        "Actual/Projected Year of Publication/Presentation": 2011,
        "Sponsoring Organization": "",
        "Presenter(s)": null,
        "Web Address": "",
        "Description/Abstract": "",
        "Origin": "Other"
    },
    "facultyid": "111669987",
    "coauthors": {
        "62341": {
            "firstname": "Joanne",
            "middleinitial": "Marie",
            "lastname": "Klein",
            "percentcontribution": "0",
            "sameschoolflag": 1,
            "facultyid": "111669987",
            "authorid": 62341,
            "scholarlyactivityid": 14809
        }
    },
    "status": [
        {
            "id": 14809,
            "status": "Completed/Published",
            "term": "Fall",
            "year": 2011,
            "termid": "2011/02",
            "listingorder": 6,
            "completionorder": 6
        }
    ],
    "userid": "111669987",
    "attachments": []
}