{
    "activityid": 14807,
    "fields": {
        "Type": "Presentation",
        "Title of Presentation": "\u201cEngland\u2019s Futile Efforts to Create a National Police Instruction Book, 1920s-1950s\u201d ",
        "Conference/Meeting Name": "Social Science History Association",
        "Conference Location": "Chicago, IL",
        "Date or Date Range": "2010-11-18",
        "Actual/Projected Year of Publication/Presentation": 2010,
        "Sponsoring Organization": "Social Science History Association",
        "Presenter(s)": null,
        "Web Address": "",
        "Description/Abstract": "",
        "Origin": "Other"
    },
    "facultyid": "111669987",
    "coauthors": {
        "62339": {
            "firstname": "Joanne",
            "middleinitial": "Marie",
            "lastname": "Klein",
            "percentcontribution": "0",
            "sameschoolflag": 1,
            "facultyid": "111669987",
            "authorid": 62339,
            "scholarlyactivityid": 14807
        }
    },
    "status": [
        {
            "id": 14807,
            "status": "Completed/Published",
            "term": "Fall",
            "year": 2010,
            "termid": "2010/02",
            "listingorder": 6,
            "completionorder": 6
        }
    ],
    "userid": "111669987",
    "attachments": []
}