{
    "activityid": 14837,
    "fields": {
        "Type": "Presentation",
        "Title of Presentation": "Vertebrate fossil geochemistry as an archive of biology and climate",
        "Conference/Meeting Name": "Geological Society of America Annual Meeting",
        "Conference Location": "Vancouver, BC",
        "Date or Date Range": "2014-12-31",
        "Actual/Projected Year of Publication/Presentation": 2014,
        "Sponsoring Organization": "Geological Society of America",
        "Presenter(s)": null,
        "Web Address": "",
        "Description/Abstract": "",
        "Origin": "Other"
    },
    "facultyid": "112110324",
    "coauthors": {
        "62435": {
            "firstname": "Matthew",
            "middleinitial": "J",
            "lastname": "Kohn",
            "percentcontribution": "0",
            "sameschoolflag": 1,
            "facultyid": "112110324",
            "authorid": 62435,
            "scholarlyactivityid": 14837
        }
    },
    "status": [
        {
            "id": 14837,
            "status": "Completed/Published",
            "term": "Fall",
            "year": 2014,
            "termid": "2014/02",
            "listingorder": 6,
            "completionorder": 6
        }
    ],
    "userid": "112110324",
    "attachments": []
}