{
    "activityid": 14844,
    "fields": {
        "Type": "Presentation",
        "Title of Presentation": "Chronologic applications to the Himalaya",
        "Conference/Meeting Name": "Tribhuvan University workshop",
        "Conference Location": "Kathmandu, Nepal",
        "Date or Date Range": "2014-12-31",
        "Actual/Projected Year of Publication/Presentation": 2014,
        "Sponsoring Organization": "Tribhuvan University",
        "Presenter(s)": null,
        "Web Address": "",
        "Description/Abstract": "",
        "Origin": "Other"
    },
    "facultyid": "112110324",
    "coauthors": {
        "62443": {
            "firstname": "Matthew",
            "middleinitial": "J",
            "lastname": "Kohn",
            "percentcontribution": "0",
            "sameschoolflag": 1,
            "facultyid": "112110324",
            "authorid": 62443,
            "scholarlyactivityid": 14844
        }
    },
    "status": [
        {
            "id": 14844,
            "status": "Completed/Published",
            "term": "Fall",
            "year": 2014,
            "termid": "2014/02",
            "listingorder": 6,
            "completionorder": 6
        }
    ],
    "userid": "112110324",
    "attachments": []
}