{
    "activityid": 14841,
    "fields": {
        "Type": "Presentation",
        "Title of Presentation": "Making the Himalaya: Oozing, squashing or sliding?",
        "Conference/Meeting Name": "ISU Geosciences seminar",
        "Conference Location": "Idaho State University",
        "Date or Date Range": "2015-12-31",
        "Actual/Projected Year of Publication/Presentation": 2015,
        "Sponsoring Organization": "Idaho State University",
        "Presenter(s)": null,
        "Web Address": "",
        "Description/Abstract": "",
        "Origin": "Other"
    },
    "facultyid": "112110324",
    "coauthors": {
        "62440": {
            "firstname": "Matthew",
            "middleinitial": "J",
            "lastname": "Kohn",
            "percentcontribution": "0",
            "sameschoolflag": 1,
            "facultyid": "112110324",
            "authorid": 62440,
            "scholarlyactivityid": 14841
        }
    },
    "status": [
        {
            "id": 14841,
            "status": "Completed/Published",
            "term": "Fall",
            "year": 2015,
            "termid": "2015/02",
            "listingorder": 6,
            "completionorder": 6
        }
    ],
    "userid": "112110324",
    "attachments": []
}