{
    "activityid": 14865,
    "fields": {
        "Type": "Presentation",
        "Title of Presentation": "Stable isotope record of middle Eocene to early Miocene climate, Gran Barranca, southern Argentina",
        "Conference/Meeting Name": "Museo de la Plata",
        "Conference Location": "La Plata, Argentina",
        "Date or Date Range": "2012-02-28",
        "Actual/Projected Year of Publication/Presentation": 2012,
        "Sponsoring Organization": "Museo de la Plata",
        "Presenter(s)": null,
        "Web Address": "",
        "Description/Abstract": "",
        "Origin": "Other"
    },
    "facultyid": "112110324",
    "coauthors": {
        "62464": {
            "firstname": "Matthew",
            "middleinitial": "J",
            "lastname": "Kohn",
            "percentcontribution": "0",
            "sameschoolflag": 1,
            "facultyid": "112110324",
            "authorid": 62464,
            "scholarlyactivityid": 14865
        }
    },
    "status": [
        {
            "id": 14865,
            "status": "Completed/Published",
            "term": "Spring",
            "year": 2012,
            "termid": "2011/03",
            "listingorder": 6,
            "completionorder": 6
        }
    ],
    "userid": "112110324",
    "attachments": []
}