{
    "activityid": 14868,
    "fields": {
        "Type": "Presentation",
        "Title of Presentation": "Carbon isotope discrimination in C3 land plants is independent of atmospheric pCO2",
        "Conference/Meeting Name": "American Geophysical Union Fall meeting",
        "Conference Location": "San Francisco",
        "Date or Date Range": "2015-12-31",
        "Actual/Projected Year of Publication/Presentation": 2015,
        "Sponsoring Organization": "American Geophysical Union",
        "Presenter(s)": null,
        "Web Address": "",
        "Description/Abstract": "",
        "Origin": "Other"
    },
    "facultyid": "112110324",
    "coauthors": {
        "62472": {
            "firstname": "Matthew",
            "middleinitial": "J",
            "lastname": "Kohn",
            "percentcontribution": "0",
            "sameschoolflag": 1,
            "facultyid": "112110324",
            "authorid": 62472,
            "scholarlyactivityid": 14868
        }
    },
    "status": [
        {
            "id": 14868,
            "status": "Completed/Published",
            "term": "Fall",
            "year": 2015,
            "termid": "2015/02",
            "listingorder": 6,
            "completionorder": 6
        }
    ],
    "userid": "112110324",
    "attachments": []
}