{
    "activityid": 14862,
    "fields": {
        "Type": "Presentation",
        "Title of Presentation": "Making the Himalaya: Oozing, squashing, or sliding?",
        "Conference/Meeting Name": "University of Kansas",
        "Conference Location": "Lawrence, KS",
        "Date or Date Range": "2012-10-24",
        "Actual/Projected Year of Publication/Presentation": 2012,
        "Sponsoring Organization": "University of Kansas",
        "Presenter(s)": null,
        "Web Address": "",
        "Description/Abstract": "",
        "Origin": "Other"
    },
    "facultyid": "112110324",
    "coauthors": {
        "62461": {
            "firstname": "Matthew",
            "middleinitial": "J",
            "lastname": "Kohn",
            "percentcontribution": "0",
            "sameschoolflag": 1,
            "facultyid": "112110324",
            "authorid": 62461,
            "scholarlyactivityid": 14862
        }
    },
    "status": [
        {
            "id": 14862,
            "status": "Completed/Published",
            "term": "Fall",
            "year": 2012,
            "termid": "2012/02",
            "listingorder": 6,
            "completionorder": 6
        }
    ],
    "userid": "112110324",
    "attachments": []
}