{
    "activityid": 14877,
    "fields": {
        "Type": "Poster Presentation",
        "Title of Presentation": "Isotopic composition of precipitation in a topographically complex, seasonally snow-dominated watershed: hydrometeorological controls and variations from the global meteoric water line",
        "Conference / Meeting Name": "American Geophysical Union Annual Meeting",
        "Conference Location": "San Francisco, CA",
        "Date or Date Range": "2012-12-31",
        "Actual/Projected Year of Publication/Presentation": 2012,
        "Sponsoring Organization": "American Geophysical Union",
        "Presenter(s)": null,
        "Web Address": "",
        "Description/Abstract": "",
        "Origin": "Other"
    },
    "facultyid": "112110324",
    "coauthors": {
        "62493": {
            "firstname": "Daniel",
            "middleinitial": "J",
            "lastname": "Tappa",
            "percentcontribution": "0",
            "sameschoolflag": 0,
            "facultyid": null,
            "authorid": 62493,
            "scholarlyactivityid": 14877
        },
        "62494": {
            "firstname": "Alejandro",
            "middleinitial": "Nicolas",
            "lastname": "Flores",
            "percentcontribution": "0",
            "sameschoolflag": 1,
            "facultyid": "112188448",
            "authorid": 62494,
            "scholarlyactivityid": 14877
        },
        "62495": {
            "firstname": "Shawn",
            "middleinitial": "G",
            "lastname": "Benner",
            "percentcontribution": "0",
            "sameschoolflag": 1,
            "facultyid": "112032120",
            "authorid": 62495,
            "scholarlyactivityid": 14877
        },
        "62496": {
            "firstname": "Matthew",
            "middleinitial": "J",
            "lastname": "Kohn",
            "percentcontribution": "0",
            "sameschoolflag": 1,
            "facultyid": "112110324",
            "authorid": 62496,
            "scholarlyactivityid": 14877
        },
        "62497": {
            "firstname": "James",
            "middleinitial": "P",
            "lastname": "McNamara",
            "percentcontribution": "0",
            "sameschoolflag": 1,
            "facultyid": "111110360",
            "authorid": 62497,
            "scholarlyactivityid": 14877
        },
        "62498": {
            "firstname": "Samantha",
            "middleinitial": "L",
            "lastname": "Evans",
            "percentcontribution": "0",
            "sameschoolflag": 0,
            "facultyid": null,
            "authorid": 62498,
            "scholarlyactivityid": 14877
        }
    },
    "status": [
        {
            "id": 14877,
            "status": "Completed/Published",
            "term": "Fall",
            "year": 2012,
            "termid": "2012/02",
            "listingorder": 6,
            "completionorder": 6
        }
    ],
    "userid": "112110324",
    "attachments": []
}