{
    "activityid": 14884,
    "fields": {
        "Type": "Poster Presentation",
        "Title of Presentation": "Zirconium partitioning in mafic rocks as a tool for interpreting zircon geochronology",
        "Conference / Meeting Name": "BSU Undergraduate Research Symposium",
        "Conference Location": "BSU",
        "Date or Date Range": "2012-04-30",
        "Actual/Projected Year of Publication/Presentation": 2012,
        "Sponsoring Organization": "BSU",
        "Presenter(s)": null,
        "Web Address": "",
        "Description/Abstract": "",
        "Origin": "Other"
    },
    "facultyid": "112110324",
    "coauthors": {
        "62522": {
            "firstname": "Christopher",
            "middleinitial": "",
            "lastname": "Markley",
            "percentcontribution": "0",
            "sameschoolflag": 0,
            "facultyid": null,
            "authorid": 62522,
            "scholarlyactivityid": 14884
        },
        "62523": {
            "firstname": "Matthew",
            "middleinitial": "J",
            "lastname": "Kohn",
            "percentcontribution": "0",
            "sameschoolflag": 1,
            "facultyid": "112110324",
            "authorid": 62523,
            "scholarlyactivityid": 14884
        },
        "62524": {
            "firstname": "Stacey",
            "middleinitial": "L",
            "lastname": "Corrie",
            "percentcontribution": "0",
            "sameschoolflag": 1,
            "facultyid": "112122830",
            "authorid": 62524,
            "scholarlyactivityid": 14884
        }
    },
    "status": [
        {
            "id": 14884,
            "status": "Completed/Published",
            "term": "Spring",
            "year": 2012,
            "termid": "2011/03",
            "listingorder": 6,
            "completionorder": 6
        }
    ],
    "userid": "112110324",
    "attachments": []
}