{
    "activityid": 14918,
    "fields": {
        "Type": "Presentation",
        "Title of Presentation": "The psychology baccalaureate apocalypse is looming, and only department chairs can save the day: Learn how.",
        "Conference/Meeting Name": "Association of Heads of Departments of Psychology",
        "Conference Location": "Atlanta, GA",
        "Date or Date Range": "2015-10-31",
        "Actual/Projected Year of Publication/Presentation": 2015,
        "Sponsoring Organization": "",
        "Presenter(s)": null,
        "Web Address": "",
        "Description/Abstract": "",
        "Origin": "Other"
    },
    "facultyid": "111110323",
    "coauthors": {
        "62628": {
            "firstname": "Ronald",
            "middleinitial": "Eric",
            "lastname": "Landrum",
            "percentcontribution": "0",
            "sameschoolflag": 1,
            "facultyid": "111110323",
            "authorid": 62628,
            "scholarlyactivityid": 14918
        }
    },
    "status": [
        {
            "id": 14918,
            "status": "Completed/Published",
            "term": "Fall",
            "year": 2015,
            "termid": "2015/02",
            "listingorder": 6,
            "completionorder": 6
        }
    ],
    "userid": "111110323",
    "attachments": []
}