{
    "activityid": 14920,
    "fields": {
        "Type": "Presentation",
        "Title of Presentation": "Requisite skills and undergraduate psychology education: A legacy at risk.",
        "Conference/Meeting Name": "Northeast Conference for Teachers of Psychology",
        "Conference Location": "Fitchburg, MA",
        "Date or Date Range": "2015-10-31",
        "Actual/Projected Year of Publication/Presentation": 2015,
        "Sponsoring Organization": "",
        "Presenter(s)": null,
        "Web Address": "",
        "Description/Abstract": "",
        "Origin": "Other"
    },
    "facultyid": "111110323",
    "coauthors": {
        "62630": {
            "firstname": "Ronald",
            "middleinitial": "Eric",
            "lastname": "Landrum",
            "percentcontribution": "0",
            "sameschoolflag": 1,
            "facultyid": "111110323",
            "authorid": 62630,
            "scholarlyactivityid": 14920
        }
    },
    "status": [
        {
            "id": 14920,
            "status": "Completed/Published",
            "term": "Fall",
            "year": 2015,
            "termid": "2015/02",
            "listingorder": 6,
            "completionorder": 6
        }
    ],
    "userid": "111110323",
    "attachments": []
}