{
    "activityid": 14921,
    "fields": {
        "Type": "Presentation",
        "Title of Presentation": "Psychology education and the importance of skills: Our collective legacy at risk.",
        "Conference/Meeting Name": "American Psychological Association",
        "Conference Location": "Toronto, Ontario, Canada",
        "Date or Date Range": "2015-08-31",
        "Actual/Projected Year of Publication/Presentation": 2015,
        "Sponsoring Organization": "",
        "Presenter(s)": null,
        "Web Address": "",
        "Description/Abstract": "",
        "Origin": "Other"
    },
    "facultyid": "111110323",
    "coauthors": {
        "62631": {
            "firstname": "Ronald",
            "middleinitial": "Eric",
            "lastname": "Landrum",
            "percentcontribution": "0",
            "sameschoolflag": 1,
            "facultyid": "111110323",
            "authorid": 62631,
            "scholarlyactivityid": 14921
        }
    },
    "status": [
        {
            "id": 14921,
            "status": "Completed/Published",
            "term": "Summer",
            "year": 2015,
            "termid": "2015/01",
            "listingorder": 6,
            "completionorder": 6
        }
    ],
    "userid": "111110323",
    "attachments": []
}