{
    "activityid": 14924,
    "fields": {
        "Type": "Presentation",
        "Title of Presentation": "The role of the introductory psychology course regarding skills development: Students as producers",
        "Conference/Meeting Name": "Teaching Introductory Psychology Northwest Conference",
        "Conference Location": "Des Moines, WA",
        "Date or Date Range": "2015-04-30",
        "Actual/Projected Year of Publication/Presentation": 2015,
        "Sponsoring Organization": "",
        "Presenter(s)": null,
        "Web Address": "",
        "Description/Abstract": "",
        "Origin": "Other"
    },
    "facultyid": "111110323",
    "coauthors": {
        "62634": {
            "firstname": "Ronald",
            "middleinitial": "Eric",
            "lastname": "Landrum",
            "percentcontribution": "0",
            "sameschoolflag": 1,
            "facultyid": "111110323",
            "authorid": 62634,
            "scholarlyactivityid": 14924
        }
    },
    "status": [
        {
            "id": 14924,
            "status": "Completed/Published",
            "term": "Spring",
            "year": 2015,
            "termid": "2014/03",
            "listingorder": 6,
            "completionorder": 6
        }
    ],
    "userid": "111110323",
    "attachments": []
}