{
    "activityid": 14956,
    "fields": {
        "Type": "Presentation",
        "Title of Presentation": "Discussant",
        "Conference/Meeting Name": "Beyond social media-Technology tools every student should use",
        "Conference Location": "",
        "Date or Date Range": "2014-08-31",
        "Actual/Projected Year of Publication/Presentation": 2014,
        "Sponsoring Organization": "American Psychological Association annual convention",
        "Presenter(s)": null,
        "Web Address": "",
        "Description/Abstract": "",
        "Origin": "Other"
    },
    "facultyid": "111110323",
    "coauthors": {
        "62668": {
            "firstname": "Ronald",
            "middleinitial": "Eric",
            "lastname": "Landrum",
            "percentcontribution": "0",
            "sameschoolflag": 1,
            "facultyid": "111110323",
            "authorid": 62668,
            "scholarlyactivityid": 14956
        }
    },
    "status": [
        {
            "id": 14956,
            "status": "Completed/Published",
            "term": "Summer",
            "year": 2014,
            "termid": "2014/01",
            "listingorder": 6,
            "completionorder": 6
        }
    ],
    "userid": "111110323",
    "attachments": []
}