{
    "activityid": 14960,
    "fields": {
        "Type": "Presentation",
        "Title of Presentation": "Champions of psychological science",
        "Conference/Meeting Name": "Association for Psychological Science, San Francisco, CA",
        "Conference Location": "",
        "Date or Date Range": "2014-05-31",
        "Actual/Projected Year of Publication/Presentation": 2014,
        "Sponsoring Organization": "Association for Psychological Science, San Francisco, CA",
        "Presenter(s)": null,
        "Web Address": "",
        "Description/Abstract": "",
        "Origin": "Other"
    },
    "facultyid": "111110323",
    "coauthors": {
        "62679": {
            "firstname": "Ronald",
            "middleinitial": "Eric",
            "lastname": "Landrum",
            "percentcontribution": "0",
            "sameschoolflag": 1,
            "facultyid": "111110323",
            "authorid": 62679,
            "scholarlyactivityid": 14960
        }
    },
    "status": [
        {
            "id": 14960,
            "status": "Completed/Published",
            "term": "Spring",
            "year": 2014,
            "termid": "2013/03",
            "listingorder": 6,
            "completionorder": 6
        }
    ],
    "userid": "111110323",
    "attachments": []
}