{
    "activityid": 14974,
    "fields": {
        "Type": "Poster Presentation",
        "Title of Presentation": "National advocacy group for undergraduate psychology majors",
        "Conference / Meeting Name": "Western Psychology Association conference, Portland, OR",
        "Conference Location": "",
        "Date or Date Range": "2014-04-30",
        "Actual/Projected Year of Publication/Presentation": 2014,
        "Sponsoring Organization": "Western Psychology Association conference, Portland, OR",
        "Presenter(s)": null,
        "Web Address": "",
        "Description/Abstract": "",
        "Origin": "Other"
    },
    "facultyid": "111110323",
    "coauthors": {
        "62713": {
            "firstname": "Alyssa",
            "middleinitial": "",
            "lastname": "Yao",
            "percentcontribution": "0",
            "sameschoolflag": 0,
            "facultyid": null,
            "authorid": 62713,
            "scholarlyactivityid": 14974
        },
        "62714": {
            "firstname": "Ronald",
            "middleinitial": "Eric",
            "lastname": "Landrum",
            "percentcontribution": "0",
            "sameschoolflag": 1,
            "facultyid": "111110323",
            "authorid": 62714,
            "scholarlyactivityid": 14974
        }
    },
    "status": [
        {
            "id": 14974,
            "status": "Completed/Published",
            "term": "Spring",
            "year": 2014,
            "termid": "2013/03",
            "listingorder": 6,
            "completionorder": 6
        }
    ],
    "userid": "111110323",
    "attachments": []
}