{
    "activityid": 14970,
    "fields": {
        "Type": "Poster Presentation",
        "Title of Presentation": "Actual and perceived difficulties predict performance in introductory-level college math course",
        "Conference / Meeting Name": "Association for Psychological Science",
        "Conference Location": "New York, NY",
        "Date or Date Range": "2015-05-31",
        "Actual/Projected Year of Publication/Presentation": 2015,
        "Sponsoring Organization": "",
        "Presenter(s)": null,
        "Web Address": "",
        "Description/Abstract": "",
        "Origin": "Other"
    },
    "facultyid": "111110323",
    "coauthors": {
        "62698": {
            "firstname": "Pamela",
            "middleinitial": "",
            "lastname": "Ansburg",
            "percentcontribution": "0",
            "sameschoolflag": 0,
            "facultyid": null,
            "authorid": 62698,
            "scholarlyactivityid": 14970
        },
        "62699": {
            "firstname": "Ronald",
            "middleinitial": "Eric",
            "lastname": "Landrum",
            "percentcontribution": "0",
            "sameschoolflag": 1,
            "facultyid": "111110323",
            "authorid": 62699,
            "scholarlyactivityid": 14970
        },
        "62700": {
            "firstname": "Gary",
            "middleinitial": "",
            "lastname": "Hagerty",
            "percentcontribution": "0",
            "sameschoolflag": 1,
            "facultyid": "113025866",
            "authorid": 62700,
            "scholarlyactivityid": 14970
        }
    },
    "status": [
        {
            "id": 14970,
            "status": "Completed/Published",
            "term": "Spring",
            "year": 2015,
            "termid": "2014/03",
            "listingorder": 6,
            "completionorder": 6
        }
    ],
    "userid": "111110323",
    "attachments": []
}