{
    "activityid": 14987,
    "fields": {
        "Type": "Poster Presentation",
        "Title of Presentation": "Establishing construct validity: Organizational Civility Scale scores as compared to a battery of civility measures",
        "Conference / Meeting Name": "Midwestern Psychological Association annual meeting, Chicago, IL",
        "Conference Location": "Midwestern Psychological Association annual meeting, Chicago, IL",
        "Date or Date Range": "2012-05-31",
        "Actual/Projected Year of Publication/Presentation": 2012,
        "Sponsoring Organization": "Midwestern Psychological Association annual meeting, Chicago, IL",
        "Presenter(s)": null,
        "Web Address": "",
        "Description/Abstract": "",
        "Origin": "Other"
    },
    "facultyid": "111110323",
    "coauthors": {
        "62756": {
            "firstname": "Ernesto",
            "middleinitial": "",
            "lastname": "Soto",
            "percentcontribution": "0",
            "sameschoolflag": 0,
            "facultyid": null,
            "authorid": 62756,
            "scholarlyactivityid": 14987
        },
        "62757": {
            "firstname": "Efren",
            "middleinitial": "",
            "lastname": "Velazquez",
            "percentcontribution": "0",
            "sameschoolflag": 0,
            "facultyid": null,
            "authorid": 62757,
            "scholarlyactivityid": 14987
        },
        "62758": {
            "firstname": "Cynthia",
            "middleinitial": "M",
            "lastname": "Clark",
            "percentcontribution": "0",
            "sameschoolflag": 1,
            "facultyid": "111110314",
            "authorid": 62758,
            "scholarlyactivityid": 14987
        },
        "62759": {
            "firstname": "Ronald",
            "middleinitial": "Eric",
            "lastname": "Landrum",
            "percentcontribution": "0",
            "sameschoolflag": 1,
            "facultyid": "111110323",
            "authorid": 62759,
            "scholarlyactivityid": 14987
        }
    },
    "status": [
        {
            "id": 14987,
            "status": "Completed/Published",
            "term": "Spring",
            "year": 2012,
            "termid": "2011/03",
            "listingorder": 6,
            "completionorder": 6
        }
    ],
    "userid": "111110323",
    "attachments": []
}