{
    "activityid": 14986,
    "fields": {
        "Type": "Poster Presentation",
        "Title of Presentation": "Assessing mobile learning strategies: Meeting faculty where they are",
        "Conference / Meeting Name": "Professional Organizational Network (POD) conference, Seattle, WA",
        "Conference Location": "Professional Organizational Network (POD) conference, Seattle, WA",
        "Date or Date Range": "2012-10-31",
        "Actual/Projected Year of Publication/Presentation": 2012,
        "Sponsoring Organization": "Professional Organizational Network (POD) conference, Seattle, WA",
        "Presenter(s)": null,
        "Web Address": "",
        "Description/Abstract": "",
        "Origin": "Other"
    },
    "facultyid": "111110323",
    "coauthors": {
        "62752": {
            "firstname": "Ronald",
            "middleinitial": "Eric",
            "lastname": "Landrum",
            "percentcontribution": "0",
            "sameschoolflag": 1,
            "facultyid": "111110323",
            "authorid": 62752,
            "scholarlyactivityid": 14986
        },
        "62753": {
            "firstname": "Doug",
            "middleinitial": "",
            "lastname": "Lincoln",
            "percentcontribution": "0",
            "sameschoolflag": 0,
            "facultyid": null,
            "authorid": 62753,
            "scholarlyactivityid": 14986
        },
        "62754": {
            "firstname": "Susan",
            "middleinitial": "",
            "lastname": "Shadle",
            "percentcontribution": "0",
            "sameschoolflag": 1,
            "facultyid": "111110041",
            "authorid": 62754,
            "scholarlyactivityid": 14986
        },
        "62755": {
            "firstname": "Ross",
            "middleinitial": "",
            "lastname": "Perkins",
            "percentcontribution": "0",
            "sameschoolflag": 1,
            "facultyid": "112180039",
            "authorid": 62755,
            "scholarlyactivityid": 14986
        }
    },
    "status": [
        {
            "id": 14986,
            "status": "Completed/Published",
            "term": "Fall",
            "year": 2012,
            "termid": "2012/02",
            "listingorder": 6,
            "completionorder": 6
        }
    ],
    "userid": "111110323",
    "attachments": []
}