{
    "activityid": 14983,
    "fields": {
        "Type": "Poster Presentation",
        "Title of Presentation": "University faculty opinions, attitudes, and perceptions of electronic portfolios",
        "Conference / Meeting Name": "Boise State University Undergraduate Research and Scholarship",
        "Conference Location": "Boise State University",
        "Date or Date Range": "2013-04-30",
        "Actual/Projected Year of Publication/Presentation": 2013,
        "Sponsoring Organization": "",
        "Presenter(s)": null,
        "Web Address": "",
        "Description/Abstract": "",
        "Origin": "Other"
    },
    "facultyid": "111110323",
    "coauthors": {
        "62746": {
            "firstname": "Annie",
            "middleinitial": "",
            "lastname": "Hezeltine",
            "percentcontribution": "0",
            "sameschoolflag": 0,
            "facultyid": null,
            "authorid": 62746,
            "scholarlyactivityid": 14983
        },
        "62747": {
            "firstname": "Ronald",
            "middleinitial": "Eric",
            "lastname": "Landrum",
            "percentcontribution": "0",
            "sameschoolflag": 1,
            "facultyid": "111110323",
            "authorid": 62747,
            "scholarlyactivityid": 14983
        }
    },
    "status": [
        {
            "id": 14983,
            "status": "Completed/Published",
            "term": "Spring",
            "year": 2013,
            "termid": "2012/03",
            "listingorder": 6,
            "completionorder": 6
        }
    ],
    "userid": "111110323",
    "attachments": []
}