{
    "activityid": 14998,
    "fields": {
        "Type": "Poster Presentation",
        "Title of Presentation": "Introductory psychology student study habits and expected outcomes: Quantitative results",
        "Conference / Meeting Name": "Rocky Mountain Psychological Association ",
        "Conference Location": "Salt Lake City, UT",
        "Date or Date Range": "2011-04-30",
        "Actual/Projected Year of Publication/Presentation": 2011,
        "Sponsoring Organization": "",
        "Presenter(s)": null,
        "Web Address": "",
        "Description/Abstract": "",
        "Origin": "Other"
    },
    "facultyid": "111110323",
    "coauthors": {
        "62799": {
            "firstname": "Denise",
            "middleinitial": "",
            "lastname": "Donato",
            "percentcontribution": "0",
            "sameschoolflag": 0,
            "facultyid": null,
            "authorid": 62799,
            "scholarlyactivityid": 14998
        },
        "62800": {
            "firstname": "Cade",
            "middleinitial": "",
            "lastname": "Hulbert",
            "percentcontribution": "0",
            "sameschoolflag": 0,
            "facultyid": null,
            "authorid": 62800,
            "scholarlyactivityid": 14998
        },
        "62801": {
            "firstname": "Samantha",
            "middleinitial": "",
            "lastname": "Gagnon",
            "percentcontribution": "0",
            "sameschoolflag": 0,
            "facultyid": null,
            "authorid": 62801,
            "scholarlyactivityid": 14998
        },
        "62802": {
            "firstname": "Caitlin",
            "middleinitial": "",
            "lastname": "Goicoechea",
            "percentcontribution": "0",
            "sameschoolflag": 0,
            "facultyid": null,
            "authorid": 62802,
            "scholarlyactivityid": 14998
        },
        "62803": {
            "firstname": "Jeffrey",
            "middleinitial": "R.",
            "lastname": "Stowell",
            "percentcontribution": "0",
            "sameschoolflag": 0,
            "facultyid": null,
            "authorid": 62803,
            "scholarlyactivityid": 14998
        },
        "62804": {
            "firstname": "Ronald",
            "middleinitial": "Eric",
            "lastname": "Landrum",
            "percentcontribution": "0",
            "sameschoolflag": 1,
            "facultyid": "111110323",
            "authorid": 62804,
            "scholarlyactivityid": 14998
        }
    },
    "status": [
        {
            "id": 14998,
            "status": "Completed/Published",
            "term": "Spring",
            "year": 2011,
            "termid": "2010/03",
            "listingorder": 6,
            "completionorder": 6
        }
    ],
    "userid": "111110323",
    "attachments": []
}