{
    "activityid": 15006,
    "fields": {
        "Type": "Poster Presentation",
        "Title of Presentation": "Introductory psychology students learn concepts and acquire skills: Which are most important? ",
        "Conference / Meeting Name": "Rocky Mountain Psychological Association",
        "Conference Location": "",
        "Date or Date Range": "2010-04-30",
        "Actual/Projected Year of Publication/Presentation": 2010,
        "Sponsoring Organization": "",
        "Presenter(s)": null,
        "Web Address": "",
        "Description/Abstract": "",
        "Origin": "Other"
    },
    "facultyid": "111110323",
    "coauthors": {
        "62842": {
            "firstname": "Brad",
            "middleinitial": "",
            "lastname": "Smith",
            "percentcontribution": "0",
            "sameschoolflag": 0,
            "facultyid": null,
            "authorid": 62842,
            "scholarlyactivityid": 15006
        },
        "62843": {
            "firstname": "Cade",
            "middleinitial": "",
            "lastname": "Hulbert",
            "percentcontribution": "0",
            "sameschoolflag": 0,
            "facultyid": null,
            "authorid": 62843,
            "scholarlyactivityid": 15006
        },
        "62844": {
            "firstname": "Kristin",
            "middleinitial": "",
            "lastname": "Batten",
            "percentcontribution": "0",
            "sameschoolflag": 0,
            "facultyid": null,
            "authorid": 62844,
            "scholarlyactivityid": 15006
        },
        "62845": {
            "firstname": "LaLania",
            "middleinitial": "",
            "lastname": "Woodstrom",
            "percentcontribution": "0",
            "sameschoolflag": 0,
            "facultyid": null,
            "authorid": 62845,
            "scholarlyactivityid": 15006
        },
        "62846": {
            "firstname": "Aja",
            "middleinitial": "",
            "lastname": "Taitano",
            "percentcontribution": "0",
            "sameschoolflag": 0,
            "facultyid": null,
            "authorid": 62846,
            "scholarlyactivityid": 15006
        },
        "62847": {
            "firstname": "Ronald",
            "middleinitial": "Eric",
            "lastname": "Landrum",
            "percentcontribution": "0",
            "sameschoolflag": 1,
            "facultyid": "111110323",
            "authorid": 62847,
            "scholarlyactivityid": 15006
        },
        "62848": {
            "firstname": "Regan",
            "middleinitial": "A.R.",
            "lastname": "Gurung",
            "percentcontribution": "0",
            "sameschoolflag": 0,
            "facultyid": null,
            "authorid": 62848,
            "scholarlyactivityid": 15006
        }
    },
    "status": [
        {
            "id": 15006,
            "status": "Completed/Published",
            "term": "Spring",
            "year": 2010,
            "termid": "2009/03",
            "listingorder": 6,
            "completionorder": 6
        }
    ],
    "userid": "111110323",
    "attachments": []
}