{
    "activityid": 15005,
    "fields": {
        "Type": "Poster Presentation",
        "Title of Presentation": "Faculty selection of textbooks: Key variables and the role of teaching experience",
        "Conference / Meeting Name": "Rocky Mountain Psychological Association",
        "Conference Location": "Denver, CO",
        "Date or Date Range": "2010-04-30",
        "Actual/Projected Year of Publication/Presentation": 2010,
        "Sponsoring Organization": "",
        "Presenter(s)": null,
        "Web Address": "",
        "Description/Abstract": "",
        "Origin": "Other"
    },
    "facultyid": "111110323",
    "coauthors": {
        "62835": {
            "firstname": "Aja",
            "middleinitial": "",
            "lastname": "Taitano",
            "percentcontribution": "0",
            "sameschoolflag": 0,
            "facultyid": null,
            "authorid": 62835,
            "scholarlyactivityid": 15005
        },
        "62836": {
            "firstname": "Brad",
            "middleinitial": "",
            "lastname": "Smith",
            "percentcontribution": "0",
            "sameschoolflag": 0,
            "facultyid": null,
            "authorid": 62836,
            "scholarlyactivityid": 15005
        },
        "62837": {
            "firstname": "Cade",
            "middleinitial": "",
            "lastname": "Hulbert",
            "percentcontribution": "0",
            "sameschoolflag": 0,
            "facultyid": null,
            "authorid": 62837,
            "scholarlyactivityid": 15005
        },
        "62838": {
            "firstname": "Kristin",
            "middleinitial": "",
            "lastname": "Batten",
            "percentcontribution": "0",
            "sameschoolflag": 0,
            "facultyid": null,
            "authorid": 62838,
            "scholarlyactivityid": 15005
        },
        "62839": {
            "firstname": "LaLania",
            "middleinitial": "",
            "lastname": "Woodstrom",
            "percentcontribution": "0",
            "sameschoolflag": 0,
            "facultyid": null,
            "authorid": 62839,
            "scholarlyactivityid": 15005
        },
        "62840": {
            "firstname": "Regan",
            "middleinitial": "A.R.",
            "lastname": "Gurung",
            "percentcontribution": "0",
            "sameschoolflag": 0,
            "facultyid": null,
            "authorid": 62840,
            "scholarlyactivityid": 15005
        },
        "62841": {
            "firstname": "Ronald",
            "middleinitial": "Eric",
            "lastname": "Landrum",
            "percentcontribution": "0",
            "sameschoolflag": 1,
            "facultyid": "111110323",
            "authorid": 62841,
            "scholarlyactivityid": 15005
        }
    },
    "status": [
        {
            "id": 15005,
            "status": "Completed/Published",
            "term": "Spring",
            "year": 2010,
            "termid": "2009/03",
            "listingorder": 6,
            "completionorder": 6
        }
    ],
    "userid": "111110323",
    "attachments": []
}