{
    "activityid": 15002,
    "fields": {
        "Type": "Poster Presentation",
        "Title of Presentation": "You want what?  Student perceptions of possible assignments in a capstone course.",
        "Conference / Meeting Name": "Rocky Mountain Psychological Association ",
        "Conference Location": "Salt Lake City, UT",
        "Date or Date Range": "2011-03-31",
        "Actual/Projected Year of Publication/Presentation": 2011,
        "Sponsoring Organization": "",
        "Presenter(s)": null,
        "Web Address": "",
        "Description/Abstract": "",
        "Origin": "Other"
    },
    "facultyid": "111110323",
    "coauthors": {
        "62821": {
            "firstname": "Jon",
            "middleinitial": "",
            "lastname": "Lawson",
            "percentcontribution": "0",
            "sameschoolflag": 0,
            "facultyid": null,
            "authorid": 62821,
            "scholarlyactivityid": 15002
        },
        "62822": {
            "firstname": "Caitlin",
            "middleinitial": "",
            "lastname": "Goicoechea",
            "percentcontribution": "0",
            "sameschoolflag": 0,
            "facultyid": null,
            "authorid": 62822,
            "scholarlyactivityid": 15002
        },
        "62823": {
            "firstname": "Jessica",
            "middleinitial": "",
            "lastname": "Kesler",
            "percentcontribution": "0",
            "sameschoolflag": 0,
            "facultyid": null,
            "authorid": 62823,
            "scholarlyactivityid": 15002
        },
        "62824": {
            "firstname": "Denise",
            "middleinitial": "",
            "lastname": "Donato",
            "percentcontribution": "0",
            "sameschoolflag": 0,
            "facultyid": null,
            "authorid": 62824,
            "scholarlyactivityid": 15002
        },
        "62825": {
            "firstname": "Ronald",
            "middleinitial": "Eric",
            "lastname": "Landrum",
            "percentcontribution": "0",
            "sameschoolflag": 1,
            "facultyid": "111110323",
            "authorid": 62825,
            "scholarlyactivityid": 15002
        }
    },
    "status": [
        {
            "id": 15002,
            "status": "Completed/Published",
            "term": "Spring",
            "year": 2011,
            "termid": "2010/03",
            "listingorder": 6,
            "completionorder": 6
        }
    ],
    "userid": "111110323",
    "attachments": []
}