{
    "activityid": 15008,
    "fields": {
        "Type": "Poster Presentation",
        "Title of Presentation": "Use of two scales to measure student perceptions of introductory psychology textbooks. ",
        "Conference / Meeting Name": "Rocky Mountain Psychological Association",
        "Conference Location": "Denver, CO",
        "Date or Date Range": "2010-04-30",
        "Actual/Projected Year of Publication/Presentation": 2010,
        "Sponsoring Organization": "",
        "Presenter(s)": null,
        "Web Address": "",
        "Description/Abstract": "",
        "Origin": "Other"
    },
    "facultyid": "111110323",
    "coauthors": {
        "62856": {
            "firstname": "Cade",
            "middleinitial": "",
            "lastname": "Hulbert",
            "percentcontribution": "0",
            "sameschoolflag": 0,
            "facultyid": null,
            "authorid": 62856,
            "scholarlyactivityid": 15008
        },
        "62857": {
            "firstname": "Kristin",
            "middleinitial": "",
            "lastname": "Batten",
            "percentcontribution": "0",
            "sameschoolflag": 0,
            "facultyid": null,
            "authorid": 62857,
            "scholarlyactivityid": 15008
        },
        "62858": {
            "firstname": "LaLania",
            "middleinitial": "",
            "lastname": "Woodstrom",
            "percentcontribution": "0",
            "sameschoolflag": 0,
            "facultyid": null,
            "authorid": 62858,
            "scholarlyactivityid": 15008
        },
        "62859": {
            "firstname": "Aja",
            "middleinitial": "",
            "lastname": "Taitano",
            "percentcontribution": "0",
            "sameschoolflag": 0,
            "facultyid": null,
            "authorid": 62859,
            "scholarlyactivityid": 15008
        },
        "62860": {
            "firstname": "Brad",
            "middleinitial": "",
            "lastname": "Smith",
            "percentcontribution": "0",
            "sameschoolflag": 0,
            "facultyid": null,
            "authorid": 62860,
            "scholarlyactivityid": 15008
        },
        "62861": {
            "firstname": "Ronald",
            "middleinitial": "Eric",
            "lastname": "Landrum",
            "percentcontribution": "0",
            "sameschoolflag": 1,
            "facultyid": "111110323",
            "authorid": 62861,
            "scholarlyactivityid": 15008
        },
        "62862": {
            "firstname": "Regan",
            "middleinitial": "A.R.",
            "lastname": "Gurung",
            "percentcontribution": "0",
            "sameschoolflag": 0,
            "facultyid": null,
            "authorid": 62862,
            "scholarlyactivityid": 15008
        }
    },
    "status": [
        {
            "id": 15008,
            "status": "Completed/Published",
            "term": "Spring",
            "year": 2010,
            "termid": "2009/03",
            "listingorder": 6,
            "completionorder": 6
        }
    ],
    "userid": "111110323",
    "attachments": []
}