{
    "activityid": 15018,
    "fields": {
        "Type": "Presentation",
        "Title of Presentation": "Desperately seeking skills assessment: Leveraging the APA Undergraduate Guidelines 2.0",
        "Conference/Meeting Name": "Eastern Psychological Association",
        "Conference Location": "New York, NY",
        "Date or Date Range": "2013-03-31",
        "Actual/Projected Year of Publication/Presentation": 2013,
        "Sponsoring Organization": "",
        "Presenter(s)": null,
        "Web Address": "",
        "Description/Abstract": "",
        "Origin": "Other"
    },
    "facultyid": "111110323",
    "coauthors": {
        "62875": {
            "firstname": "Ronald",
            "middleinitial": "Eric",
            "lastname": "Landrum",
            "percentcontribution": "0",
            "sameschoolflag": 1,
            "facultyid": "111110323",
            "authorid": 62875,
            "scholarlyactivityid": 15018
        }
    },
    "status": [
        {
            "id": 15018,
            "status": "Completed/Published",
            "term": "Spring",
            "year": 2013,
            "termid": "2012/03",
            "listingorder": 6,
            "completionorder": 6
        }
    ],
    "userid": "111110323",
    "attachments": []
}