{
    "activityid": 15011,
    "fields": {
        "Type": "Presentation",
        "Title of Presentation": "Career options and strategies for the psychology major",
        "Conference/Meeting Name": "Rocky Mountain Psychological Association",
        "Conference Location": "Boise, ID",
        "Date or Date Range": "2015-04-30",
        "Actual/Projected Year of Publication/Presentation": 2015,
        "Sponsoring Organization": "Psi Chi",
        "Presenter(s)": null,
        "Web Address": "",
        "Description/Abstract": "",
        "Origin": "Other"
    },
    "facultyid": "111110323",
    "coauthors": {
        "62866": {
            "firstname": "Ronald",
            "middleinitial": "Eric",
            "lastname": "Landrum",
            "percentcontribution": "0",
            "sameschoolflag": 1,
            "facultyid": "111110323",
            "authorid": 62866,
            "scholarlyactivityid": 15011
        },
        "62867": {
            "firstname": "Susan",
            "middleinitial": "",
            "lastname": "Becker",
            "percentcontribution": "0",
            "sameschoolflag": 0,
            "facultyid": null,
            "authorid": 62867,
            "scholarlyactivityid": 15011
        }
    },
    "status": [
        {
            "id": 15011,
            "status": "Completed/Published",
            "term": "Spring",
            "year": 2015,
            "termid": "2014/03",
            "listingorder": 6,
            "completionorder": 6
        }
    ],
    "userid": "111110323",
    "attachments": []
}