{
    "activityid": 15015,
    "fields": {
        "Type": "Presentation",
        "Title of Presentation": "APA Guidelines for the Undergraduate Psychology Major 2.0\u2014Revisions, reflections, and suggestions ",
        "Conference/Meeting Name": "American Psychological Association annual convention, Washington, DC",
        "Conference Location": "",
        "Date or Date Range": "2014-08-31",
        "Actual/Projected Year of Publication/Presentation": 2014,
        "Sponsoring Organization": "American Psychological Association annual convention, Washington, DC",
        "Presenter(s)": null,
        "Web Address": "",
        "Description/Abstract": "",
        "Origin": "Other"
    },
    "facultyid": "111110323",
    "coauthors": {
        "62872": {
            "firstname": "Ronald",
            "middleinitial": "Eric",
            "lastname": "Landrum",
            "percentcontribution": "0",
            "sameschoolflag": 1,
            "facultyid": "111110323",
            "authorid": 62872,
            "scholarlyactivityid": 15015
        }
    },
    "status": [
        {
            "id": 15015,
            "status": "Completed/Published",
            "term": "Summer",
            "year": 2014,
            "termid": "2014/01",
            "listingorder": 6,
            "completionorder": 6
        }
    ],
    "userid": "111110323",
    "attachments": []
}