{
    "activityid": 15017,
    "fields": {
        "Type": "Presentation",
        "Title of Presentation": "SoTL impact in multiple environments: National level.",
        "Conference/Meeting Name": "American Psychological Association",
        "Conference Location": "Honolulu, HI",
        "Date or Date Range": "2013-08-31",
        "Actual/Projected Year of Publication/Presentation": 2013,
        "Sponsoring Organization": "Society for the Teaching of Psychology",
        "Presenter(s)": null,
        "Web Address": "",
        "Description/Abstract": "In P. Marek (Chair), Ripples on the pond: SoTL impact in multiple environments.  ",
        "Origin": "Other"
    },
    "facultyid": "111110323",
    "coauthors": {
        "62874": {
            "firstname": "Ronald",
            "middleinitial": "Eric",
            "lastname": "Landrum",
            "percentcontribution": "0",
            "sameschoolflag": 1,
            "facultyid": "111110323",
            "authorid": 62874,
            "scholarlyactivityid": 15017
        }
    },
    "status": [
        {
            "id": 15017,
            "status": "Completed/Published",
            "term": "Summer",
            "year": 2013,
            "termid": "2013/01",
            "listingorder": 6,
            "completionorder": 6
        }
    ],
    "userid": "111110323",
    "attachments": []
}