{
    "activityid": 15020,
    "fields": {
        "Type": "Presentation",
        "Title of Presentation": "Strategies for using the APA Principles for Quality Undergraduate Education in Psychology",
        "Conference/Meeting Name": "Midwestern Psychological Association annual meeting, Chicago, IL",
        "Conference Location": "Midwestern Psychological Association annual meeting, Chicago, IL",
        "Date or Date Range": "2012-05-31",
        "Actual/Projected Year of Publication/Presentation": 2012,
        "Sponsoring Organization": "Midwestern Psychological Association annual meeting, Chicago, IL",
        "Presenter(s)": null,
        "Web Address": "",
        "Description/Abstract": "",
        "Origin": "Other"
    },
    "facultyid": "111110323",
    "coauthors": {
        "62877": {
            "firstname": "William",
            "middleinitial": "",
            "lastname": "Addison",
            "percentcontribution": "0",
            "sameschoolflag": 0,
            "facultyid": null,
            "authorid": 62877,
            "scholarlyactivityid": 15020
        },
        "62878": {
            "firstname": "Jeffrey",
            "middleinitial": "",
            "lastname": "Stowell",
            "percentcontribution": "0",
            "sameschoolflag": 0,
            "facultyid": null,
            "authorid": 62878,
            "scholarlyactivityid": 15020
        },
        "62879": {
            "firstname": "Pat",
            "middleinitial": "",
            "lastname": "Puccio",
            "percentcontribution": "0",
            "sameschoolflag": 0,
            "facultyid": null,
            "authorid": 62879,
            "scholarlyactivityid": 15020
        },
        "62880": {
            "firstname": "Meera",
            "middleinitial": "",
            "lastname": "Komarraju",
            "percentcontribution": "0",
            "sameschoolflag": 0,
            "facultyid": null,
            "authorid": 62880,
            "scholarlyactivityid": 15020
        },
        "62881": {
            "firstname": "Ronald",
            "middleinitial": "Eric",
            "lastname": "Landrum",
            "percentcontribution": "0",
            "sameschoolflag": 1,
            "facultyid": "111110323",
            "authorid": 62881,
            "scholarlyactivityid": 15020
        }
    },
    "status": [
        {
            "id": 15020,
            "status": "Completed/Published",
            "term": "Spring",
            "year": 2012,
            "termid": "2011/03",
            "listingorder": 6,
            "completionorder": 6
        }
    ],
    "userid": "111110323",
    "attachments": []
}