{
    "activityid": 15023,
    "fields": {
        "Type": "Presentation",
        "Title of Presentation": "Scales of measurement as a threshold concept in undergraduate statistics",
        "Conference/Meeting Name": "American Psychological Association ",
        "Conference Location": "Washington, DC",
        "Date or Date Range": "2011-08-31",
        "Actual/Projected Year of Publication/Presentation": 2011,
        "Sponsoring Organization": "",
        "Presenter(s)": null,
        "Web Address": "",
        "Description/Abstract": "In R. E. Landrum [Organizer], Identifying and conquering threshold concepts in psychology: Enhancing deeper student learning [Symposium]. ",
        "Origin": "Other"
    },
    "facultyid": "111110323",
    "coauthors": {
        "62888": {
            "firstname": "Ronald",
            "middleinitial": "Eric",
            "lastname": "Landrum",
            "percentcontribution": "0",
            "sameschoolflag": 1,
            "facultyid": "111110323",
            "authorid": 62888,
            "scholarlyactivityid": 15023
        }
    },
    "status": [
        {
            "id": 15023,
            "status": "Completed/Published",
            "term": "Summer",
            "year": 2011,
            "termid": "2011/01",
            "listingorder": 6,
            "completionorder": 6
        }
    ],
    "userid": "111110323",
    "attachments": []
}