{
    "activityid": 15028,
    "fields": {
        "Type": "Presentation",
        "Title of Presentation": "Teaching a careers/professional issues course: Challenges &amp; solutions",
        "Conference/Meeting Name": "Southeastern Conference on the Teaching of Psychology",
        "Conference Location": "Atlanta, GA",
        "Date or Date Range": "2010-02-28",
        "Actual/Projected Year of Publication/Presentation": 2010,
        "Sponsoring Organization": "",
        "Presenter(s)": null,
        "Web Address": "",
        "Description/Abstract": "",
        "Origin": "Other"
    },
    "facultyid": "111110323",
    "coauthors": {
        "62894": {
            "firstname": "Ronald",
            "middleinitial": "Eric",
            "lastname": "Landrum",
            "percentcontribution": "0",
            "sameschoolflag": 1,
            "facultyid": "111110323",
            "authorid": 62894,
            "scholarlyactivityid": 15028
        },
        "62895": {
            "firstname": "Jeffrey",
            "middleinitial": "",
            "lastname": "Helms",
            "percentcontribution": "0",
            "sameschoolflag": 0,
            "facultyid": null,
            "authorid": 62895,
            "scholarlyactivityid": 15028
        }
    },
    "status": [
        {
            "id": 15028,
            "status": "Completed/Published",
            "term": "Spring",
            "year": 2010,
            "termid": "2009/03",
            "listingorder": 6,
            "completionorder": 6
        }
    ],
    "userid": "111110323",
    "attachments": []
}