{
    "activityid": 15037,
    "fields": {
        "Type": "Presentation",
        "Title of Presentation": "Their usefulness for gauging comprehension, attitude change, and as SoTL methodology",
        "Conference/Meeting Name": "Midwestern Psychological Association annual meeting, Chicago, IL",
        "Conference Location": "Midwestern Psychological Association annual meeting, Chicago, IL",
        "Date or Date Range": "2012-05-31",
        "Actual/Projected Year of Publication/Presentation": 2012,
        "Sponsoring Organization": "Midwestern Psychological Association annual meeting, Chicago, IL",
        "Presenter(s)": null,
        "Web Address": "",
        "Description/Abstract": "",
        "Origin": "Other"
    },
    "facultyid": "111110323",
    "coauthors": {
        "62905": {
            "firstname": "Ronald",
            "middleinitial": "Eric",
            "lastname": "Landrum",
            "percentcontribution": "0",
            "sameschoolflag": 1,
            "facultyid": "111110323",
            "authorid": 62905,
            "scholarlyactivityid": 15037
        }
    },
    "status": [
        {
            "id": 15037,
            "status": "Completed/Published",
            "term": "Spring",
            "year": 2012,
            "termid": "2011/03",
            "listingorder": 6,
            "completionorder": 6
        }
    ],
    "userid": "111110323",
    "attachments": []
}