{
    "activityid": 15038,
    "fields": {
        "Type": "Presentation",
        "Title of Presentation": "Clickers in the classroom",
        "Conference/Meeting Name": "Adjunct Professional Development Community Workshop",
        "Conference Location": "United States",
        "Date or Date Range": "2012-03-31",
        "Actual/Projected Year of Publication/Presentation": 2012,
        "Sponsoring Organization": "Boise State University",
        "Presenter(s)": null,
        "Web Address": "1910 University Drive, MS 1715",
        "Description/Abstract": "",
        "Origin": "Other"
    },
    "facultyid": "111110323",
    "coauthors": {
        "62906": {
            "firstname": "Ronald",
            "middleinitial": "Eric",
            "lastname": "Landrum",
            "percentcontribution": "0",
            "sameschoolflag": 1,
            "facultyid": "111110323",
            "authorid": 62906,
            "scholarlyactivityid": 15038
        }
    },
    "status": [
        {
            "id": 15038,
            "status": "Completed/Published",
            "term": "Spring",
            "year": 2012,
            "termid": "2011/03",
            "listingorder": 6,
            "completionorder": 6
        }
    ],
    "userid": "111110323",
    "attachments": []
}