{
    "activityid": 15036,
    "fields": {
        "Type": "Presentation",
        "Title of Presentation": "Flipping your Research Methods course: Why bother, and how do I do it?  ",
        "Conference/Meeting Name": "STP Best Practices Early-Bird Workshop, Atlanta, GA",
        "Conference Location": "STP Best Practices Early-Bird Workshop, Atlanta, GA",
        "Date or Date Range": "2012-10-31",
        "Actual/Projected Year of Publication/Presentation": 2012,
        "Sponsoring Organization": "STP Best Practices Early-Bird Workshop, Atlanta, GA",
        "Presenter(s)": null,
        "Web Address": "",
        "Description/Abstract": "",
        "Origin": "Other"
    },
    "facultyid": "111110323",
    "coauthors": {
        "62904": {
            "firstname": "Ronald",
            "middleinitial": "Eric",
            "lastname": "Landrum",
            "percentcontribution": "0",
            "sameschoolflag": 1,
            "facultyid": "111110323",
            "authorid": 62904,
            "scholarlyactivityid": 15036
        }
    },
    "status": [
        {
            "id": 15036,
            "status": "Completed/Published",
            "term": "Fall",
            "year": 2012,
            "termid": "2012/02",
            "listingorder": 6,
            "completionorder": 6
        }
    ],
    "userid": "111110323",
    "attachments": []
}