{
    "activityid": 15042,
    "fields": {
        "Type": "Presentation",
        "Title of Presentation": "Throwing DARTTs at introductory psychology: Design, assessment, retention, testing, and transfer",
        "Conference/Meeting Name": "Best Practices in Teaching Introductory Psychology",
        "Conference Location": "Atlanta, GA",
        "Date or Date Range": "2011-10-31",
        "Actual/Projected Year of Publication/Presentation": 2011,
        "Sponsoring Organization": "",
        "Presenter(s)": null,
        "Web Address": "",
        "Description/Abstract": "",
        "Origin": "Other"
    },
    "facultyid": "111110323",
    "coauthors": {
        "62912": {
            "firstname": "Ronald",
            "middleinitial": "Eric",
            "lastname": "Landrum",
            "percentcontribution": "0",
            "sameschoolflag": 1,
            "facultyid": "111110323",
            "authorid": 62912,
            "scholarlyactivityid": 15042
        }
    },
    "status": [
        {
            "id": 15042,
            "status": "Completed/Published",
            "term": "Fall",
            "year": 2011,
            "termid": "2011/02",
            "listingorder": 6,
            "completionorder": 6
        }
    ],
    "userid": "111110323",
    "attachments": []
}