{
    "activityid": 15046,
    "fields": {
        "Type": "Presentation",
        "Title of Presentation": "Knowledge vs. skills: Finding a balance in your classroom",
        "Conference/Meeting Name": "",
        "Conference Location": "Boise, ID",
        "Date or Date Range": "2011-02-28",
        "Actual/Projected Year of Publication/Presentation": 2011,
        "Sponsoring Organization": "Boise State University Center for Teaching and Learning",
        "Presenter(s)": null,
        "Web Address": "",
        "Description/Abstract": "",
        "Origin": "Other"
    },
    "facultyid": "111110323",
    "coauthors": {
        "62919": {
            "firstname": "Ronald",
            "middleinitial": "Eric",
            "lastname": "Landrum",
            "percentcontribution": "0",
            "sameschoolflag": 1,
            "facultyid": "111110323",
            "authorid": 62919,
            "scholarlyactivityid": 15046
        }
    },
    "status": [
        {
            "id": 15046,
            "status": "Completed/Published",
            "term": "Spring",
            "year": 2011,
            "termid": "2010/03",
            "listingorder": 6,
            "completionorder": 6
        }
    ],
    "userid": "111110323",
    "attachments": []
}