{
    "activityid": 15043,
    "fields": {
        "Type": "Presentation",
        "Title of Presentation": "Assessment of skills and competencies: Challenges and opportunities",
        "Conference/Meeting Name": "",
        "Conference Location": "Boise, ID",
        "Date or Date Range": "2011-03-31",
        "Actual/Projected Year of Publication/Presentation": 2011,
        "Sponsoring Organization": "Boise State University Center for Teaching and Learning",
        "Presenter(s)": null,
        "Web Address": "",
        "Description/Abstract": "",
        "Origin": "Other"
    },
    "facultyid": "111110323",
    "coauthors": {
        "62913": {
            "firstname": "Ronald",
            "middleinitial": "Eric",
            "lastname": "Landrum",
            "percentcontribution": "0",
            "sameschoolflag": 1,
            "facultyid": "111110323",
            "authorid": 62913,
            "scholarlyactivityid": 15043
        }
    },
    "status": [
        {
            "id": 15043,
            "status": "Completed/Published",
            "term": "Spring",
            "year": 2011,
            "termid": "2010/03",
            "listingorder": 6,
            "completionorder": 6
        }
    ],
    "userid": "111110323",
    "attachments": []
}