{
    "activityid": 15141,
    "fields": {
        "Type": "Poster Presentation",
        "Title of Presentation": "Teaching Grammar Through Culture: The Perfect Tandem",
        "Conference / Meeting Name": "NCOLCTL Conference (National Council of Less Commonly Taught Languages)",
        "Conference Location": "Chicago, Illinois",
        "Date or Date Range": "2013-04-27",
        "Actual/Projected Year of Publication/Presentation": 2013,
        "Sponsoring Organization": "Indiana University, Bloomington",
        "Presenter(s)": null,
        "Web Address": "",
        "Description/Abstract": "Using Basque as an example, this presentation demonstrates how to create an engaging tandem between grammar and culture so students can learn and practice grammatical structures in an inductive, communicative, and contextual manner.&quot;",
        "Origin": "Other"
    },
    "facultyid": "111113612",
    "coauthors": {
        "63101": {
            "firstname": "Nerea",
            "middleinitial": "",
            "lastname": "Lete",
            "percentcontribution": "0",
            "sameschoolflag": 1,
            "facultyid": "111113612",
            "authorid": 63101,
            "scholarlyactivityid": 15141
        }
    },
    "status": [
        {
            "id": 15141,
            "status": "Completed/Published",
            "term": "Spring",
            "year": 2013,
            "termid": "2012/03",
            "listingorder": 6,
            "completionorder": 6
        }
    ],
    "userid": "111113612",
    "attachments": []
}