{
    "activityid": 15142,
    "fields": {
        "Type": "Presentation",
        "Title of Presentation": "Bilingual Reading of &quot;Isiluneak&quot;  by Jokin Mu\u0144oz  (Trans.) &quot;Silences&quot;.",
        "Conference/Meeting Name": "\u201cThe Translation of Humor, or, The Humor of Translation.",
        "Conference Location": "Rochester, NY",
        "Date or Date Range": "2012-10-06",
        "Actual/Projected Year of Publication/Presentation": 2012,
        "Sponsoring Organization": "ALTA American Translators Association",
        "Presenter(s)": null,
        "Web Address": "",
        "Description/Abstract": "",
        "Origin": "Other"
    },
    "facultyid": "111113612",
    "coauthors": {
        "63102": {
            "firstname": "Nerea",
            "middleinitial": "",
            "lastname": "Lete",
            "percentcontribution": "0",
            "sameschoolflag": 1,
            "facultyid": "111113612",
            "authorid": 63102,
            "scholarlyactivityid": 15142
        }
    },
    "status": [
        {
            "id": 15142,
            "status": "Completed/Published",
            "term": "Fall",
            "year": 2012,
            "termid": "2012/02",
            "listingorder": 6,
            "completionorder": 6
        }
    ],
    "userid": "111113612",
    "attachments": []
}