{
    "activityid": 15144,
    "fields": {
        "Type": "Presentation",
        "Title of Presentation": "Past and Present of the Basque Language",
        "Conference/Meeting Name": "International Day of the Basque Language",
        "Conference Location": "Boise",
        "Date or Date Range": "2013-12-02",
        "Actual/Projected Year of Publication/Presentation": 2013,
        "Sponsoring Organization": "BSU and The Boise Museum and Basque Cultural Center",
        "Presenter(s)": null,
        "Web Address": "",
        "Description/Abstract": "",
        "Origin": "Other"
    },
    "facultyid": "111113612",
    "coauthors": {
        "63104": {
            "firstname": "Nerea",
            "middleinitial": "",
            "lastname": "Lete",
            "percentcontribution": "0",
            "sameschoolflag": 1,
            "facultyid": "111113612",
            "authorid": 63104,
            "scholarlyactivityid": 15144
        }
    },
    "status": [
        {
            "id": 15144,
            "status": "Completed/Published",
            "term": "Fall",
            "year": 2013,
            "termid": "2013/02",
            "listingorder": 6,
            "completionorder": 6
        }
    ],
    "userid": "111113612",
    "attachments": []
}