{
    "activityid": 15147,
    "fields": {
        "Type": "Presentation",
        "Title of Presentation": "Teaching Basque Language in America. The Current Status of Euskara in the United States",
        "Conference/Meeting Name": "Euskal Herria Mugaz Gaindi",
        "Conference Location": "Boise State University",
        "Date or Date Range": "2010-07-30",
        "Actual/Projected Year of Publication/Presentation": 2010,
        "Sponsoring Organization": "Eusko Ikaskuntza",
        "Presenter(s)": null,
        "Web Address": "",
        "Description/Abstract": "",
        "Origin": "Other"
    },
    "facultyid": "111113612",
    "coauthors": {
        "63107": {
            "firstname": "Nerea",
            "middleinitial": "",
            "lastname": "Lete",
            "percentcontribution": "0",
            "sameschoolflag": 1,
            "facultyid": "111113612",
            "authorid": 63107,
            "scholarlyactivityid": 15147
        }
    },
    "status": [
        {
            "id": 15147,
            "status": "Completed/Published",
            "term": "Summer",
            "year": 2010,
            "termid": "2010/01",
            "listingorder": 6,
            "completionorder": 6
        }
    ],
    "userid": "111113612",
    "attachments": []
}