{
    "activityid": 15169,
    "fields": {
        "Type": "Presentation",
        "Title of Presentation": "Presence &amp; engagement in online learning environments",
        "Conference/Meeting Name": "Pacific Lutheran University Teaching Online (PLUTO) 2014 Blended Learning Institute",
        "Conference Location": "Tacoma, WA",
        "Date or Date Range": "2014-06-30",
        "Actual/Projected Year of Publication/Presentation": 2014,
        "Sponsoring Organization": "",
        "Presenter(s)": null,
        "Web Address": "",
        "Description/Abstract": "",
        "Origin": "Other"
    },
    "facultyid": "113116836",
    "coauthors": {
        "63162": {
            "firstname": "Patrick",
            "middleinitial": "",
            "lastname": "Lowenthal",
            "percentcontribution": "0",
            "sameschoolflag": 1,
            "facultyid": "113116836",
            "authorid": 63162,
            "scholarlyactivityid": 15169
        }
    },
    "status": [
        {
            "id": 15169,
            "status": "Completed/Published",
            "term": "Summer",
            "year": 2014,
            "termid": "2014/01",
            "listingorder": 6,
            "completionorder": 6
        }
    ],
    "userid": "113116836",
    "attachments": []
}