{
    "activityid": 15175,
    "fields": {
        "Type": "Presentation",
        "Title of Presentation": "The many faces of social presence",
        "Conference/Meeting Name": "Presentation at 2015 Northwest eLearn Conference",
        "Conference Location": "Olympia, WA",
        "Date or Date Range": "2015, October",
        "Actual/Projected Year of Publication/Presentation": 2015,
        "Sponsoring Organization": "",
        "Presenter(s)": null,
        "Web Address": "",
        "Description/Abstract": "",
        "Origin": "Other"
    },
    "facultyid": "113116836",
    "coauthors": {
        "146133": {
            "firstname": "Colin",
            "middleinitial": "",
            "lastname": "Stapp",
            "percentcontribution": "",
            "sameschoolflag": 0,
            "facultyid": null,
            "authorid": 146133,
            "scholarlyactivityid": 15175
        },
        "146134": {
            "firstname": "Patrick",
            "middleinitial": "R.",
            "lastname": "Lowenthal",
            "percentcontribution": "",
            "sameschoolflag": 1,
            "facultyid": "113116836",
            "authorid": 146134,
            "scholarlyactivityid": 15175
        }
    },
    "status": [
        {
            "id": 15175,
            "status": "Completed/Published",
            "term": "Fall",
            "year": 2015,
            "termid": "2015/02",
            "listingorder": 6,
            "completionorder": 6
        }
    ],
    "userid": "113116836",
    "attachments": []
}