{
    "activityid": 15172,
    "fields": {
        "Type": "Presentation",
        "Title of Presentation": " Improving student retention in online courses",
        "Conference/Meeting Name": "",
        "Conference Location": "",
        "Date or Date Range": "2014-06-30",
        "Actual/Projected Year of Publication/Presentation": 2014,
        "Sponsoring Organization": "Inside HigherEd",
        "Presenter(s)": null,
        "Web Address": "",
        "Description/Abstract": "",
        "Origin": "Other"
    },
    "facultyid": "113116836",
    "coauthors": {
        "63166": {
            "firstname": "Patrick",
            "middleinitial": "",
            "lastname": "Lowenthal",
            "percentcontribution": "0",
            "sameschoolflag": 1,
            "facultyid": "113116836",
            "authorid": 63166,
            "scholarlyactivityid": 15172
        }
    },
    "status": [
        {
            "id": 15172,
            "status": "Completed/Published",
            "term": "Summer",
            "year": 2014,
            "termid": "2014/01",
            "listingorder": 6,
            "completionorder": 6
        }
    ],
    "userid": "113116836",
    "attachments": []
}