{
    "activityid": 15170,
    "fields": {
        "Type": "Presentation",
        "Title of Presentation": " Lessons learned trying to teach on the go",
        "Conference/Meeting Name": "Boise State University Mobile Learning Institute",
        "Conference Location": "Boise, ID",
        "Date or Date Range": "2014, May",
        "Actual/Projected Year of Publication/Presentation": 2014,
        "Sponsoring Organization": "",
        "Presenter(s)": null,
        "Web Address": "",
        "Description/Abstract": "",
        "Origin": "Other"
    },
    "facultyid": "113116836",
    "coauthors": {
        "146140": {
            "firstname": "Patrick",
            "middleinitial": "R.",
            "lastname": "Lowenthal",
            "percentcontribution": "",
            "sameschoolflag": 1,
            "facultyid": "113116836",
            "authorid": 146140,
            "scholarlyactivityid": 15170
        }
    },
    "status": [
        {
            "id": 15170,
            "status": "Completed/Published",
            "term": "Spring",
            "year": 2014,
            "termid": "2013/03",
            "listingorder": 6,
            "completionorder": 6
        }
    ],
    "userid": "113116836",
    "attachments": []
}