{
    "activityid": 15174,
    "fields": {
        "Type": "Presentation",
        "Title of Presentation": "Thinking differently about social presence in online courses",
        "Conference/Meeting Name": "Presentation at 2014 Northwest eLearn Conference",
        "Conference Location": "Boise, ID",
        "Date or Date Range": "2014, October",
        "Actual/Projected Year of Publication/Presentation": 2014,
        "Sponsoring Organization": "",
        "Presenter(s)": null,
        "Web Address": "",
        "Description/Abstract": "",
        "Origin": "Other"
    },
    "facultyid": "113116836",
    "coauthors": {
        "146136": {
            "firstname": "Patrick",
            "middleinitial": "R.",
            "lastname": "Lowenthal",
            "percentcontribution": "",
            "sameschoolflag": 1,
            "facultyid": "113116836",
            "authorid": 146136,
            "scholarlyactivityid": 15174
        }
    },
    "status": [
        {
            "id": 15174,
            "status": "Completed/Published",
            "term": "Fall",
            "year": 2014,
            "termid": "2014/02",
            "listingorder": 6,
            "completionorder": 6
        }
    ],
    "userid": "113116836",
    "attachments": []
}