{
    "activityid": 15171,
    "fields": {
        "Type": "Presentation",
        "Title of Presentation": "Reaching out, being there. What we know and don't know about social presence. How to Humanize Your Online Course",
        "Conference/Meeting Name": "EDUCAUSE Learning Initiative ",
        "Conference Location": "",
        "Date or Date Range": "2015-12-31",
        "Actual/Projected Year of Publication/Presentation": 2015,
        "Sponsoring Organization": "",
        "Presenter(s)": null,
        "Web Address": "",
        "Description/Abstract": "",
        "Origin": "Other"
    },
    "facultyid": "113116836",
    "coauthors": {
        "63164": {
            "firstname": "Patrick",
            "middleinitial": "",
            "lastname": "Lowenthal",
            "percentcontribution": "0",
            "sameschoolflag": 1,
            "facultyid": "113116836",
            "authorid": 63164,
            "scholarlyactivityid": 15171
        },
        "63165": {
            "firstname": "Joanna",
            "middleinitial": "C.",
            "lastname": "Dunlap",
            "percentcontribution": "0",
            "sameschoolflag": 0,
            "facultyid": null,
            "authorid": 63165,
            "scholarlyactivityid": 15171
        }
    },
    "status": [
        {
            "id": 15171,
            "status": "Completed/Published",
            "term": "Fall",
            "year": 2015,
            "termid": "2015/02",
            "listingorder": 6,
            "completionorder": 6
        }
    ],
    "userid": "113116836",
    "attachments": []
}