{
    "activityid": 15180,
    "fields": {
        "Type": "Presentation",
        "Title of Presentation": "Teaching a MOOC: Tales from the front lines of Massive, Open, Online, Courses",
        "Conference/Meeting Name": "Paper presented at the 21st annual Online Learning Consortium International Conference",
        "Conference Location": "Orlando, FL",
        "Date or Date Range": "2015, October",
        "Actual/Projected Year of Publication/Presentation": 2015,
        "Sponsoring Organization": "",
        "Presenter(s)": null,
        "Web Address": "",
        "Description/Abstract": "",
        "Origin": "Other"
    },
    "facultyid": "113116836",
    "coauthors": {
        "145859": {
            "firstname": "Patrick",
            "middleinitial": "R.",
            "lastname": "Lowenthal",
            "percentcontribution": "",
            "sameschoolflag": 1,
            "facultyid": "113116836",
            "authorid": 145859,
            "scholarlyactivityid": 15180
        },
        "145860": {
            "firstname": "Ross",
            "middleinitial": "",
            "lastname": "Perkins",
            "percentcontribution": "",
            "sameschoolflag": 1,
            "facultyid": "112180039",
            "authorid": 145860,
            "scholarlyactivityid": 15180
        },
        "145861": {
            "firstname": "Tony",
            "middleinitial": "",
            "lastname": "Hetrick",
            "percentcontribution": "",
            "sameschoolflag": 0,
            "facultyid": null,
            "authorid": 145861,
            "scholarlyactivityid": 15180
        },
        "145862": {
            "firstname": "Crystal",
            "middleinitial": "",
            "lastname": "Hofegartner",
            "percentcontribution": "",
            "sameschoolflag": 0,
            "facultyid": null,
            "authorid": 145862,
            "scholarlyactivityid": 15180
        }
    },
    "status": [
        {
            "id": 15180,
            "status": "Completed/Published",
            "term": "Fall",
            "year": 2015,
            "termid": "2015/02",
            "listingorder": 6,
            "completionorder": 6
        }
    ],
    "userid": "113116836",
    "attachments": []
}