{
    "activityid": 15182,
    "fields": {
        "Type": "Presentation",
        "Title of Presentation": "Did video kill the asynchronous post? Exploring students' perceptions of asynchronous online video and social presence",
        "Conference/Meeting Name": "Paper presented at the annual meeting of the American Educational Research Association",
        "Conference Location": "Chicago, IL",
        "Date or Date Range": "2015, April",
        "Actual/Projected Year of Publication/Presentation": 2015,
        "Sponsoring Organization": "",
        "Presenter(s)": null,
        "Web Address": "",
        "Description/Abstract": "",
        "Origin": "Other"
    },
    "facultyid": "113116836",
    "coauthors": {
        "145870": {
            "firstname": "Patrick",
            "middleinitial": "R.",
            "lastname": "Lowenthal",
            "percentcontribution": "",
            "sameschoolflag": 1,
            "facultyid": "113116836",
            "authorid": 145870,
            "scholarlyactivityid": 15182
        }
    },
    "status": [
        {
            "id": 15182,
            "status": "Completed/Published",
            "term": "Spring",
            "year": 2015,
            "termid": "2014/03",
            "listingorder": 6,
            "completionorder": 6
        }
    ],
    "userid": "113116836",
    "attachments": []
}