{
    "activityid": 15187,
    "fields": {
        "Type": "Presentation",
        "Title of Presentation": "Student perceptions of online learning: An analysis of online course evaluations",
        "Conference/Meeting Name": "Paper presented at the 30th Annual Conference on Distance Teaching &amp; Learning",
        "Conference Location": "Madison, WI",
        "Date or Date Range": "2014, August",
        "Actual/Projected Year of Publication/Presentation": 2014,
        "Sponsoring Organization": "",
        "Presenter(s)": null,
        "Web Address": "",
        "Description/Abstract": "",
        "Origin": "Other"
    },
    "facultyid": "113116836",
    "coauthors": {
        "145900": {
            "firstname": "Patrick",
            "middleinitial": "R.",
            "lastname": "Lowenthal",
            "percentcontribution": "",
            "sameschoolflag": 1,
            "facultyid": "113116836",
            "authorid": 145900,
            "scholarlyactivityid": 15187
        },
        "145901": {
            "firstname": "Christine",
            "middleinitial": "",
            "lastname": "Bauer",
            "percentcontribution": "",
            "sameschoolflag": 0,
            "facultyid": null,
            "authorid": 145901,
            "scholarlyactivityid": 15187
        },
        "145902": {
            "firstname": "Ken-zen",
            "middleinitial": "",
            "lastname": "Chen",
            "percentcontribution": "",
            "sameschoolflag": 0,
            "facultyid": null,
            "authorid": 145902,
            "scholarlyactivityid": 15187
        }
    },
    "status": [
        {
            "id": 15187,
            "status": "Completed/Published",
            "term": "Summer",
            "year": 2014,
            "termid": "2014/01",
            "listingorder": 6,
            "completionorder": 6
        }
    ],
    "userid": "113116836",
    "attachments": []
}