{
    "activityid": 15184,
    "fields": {
        "Type": "Presentation",
        "Title of Presentation": "Is online video really worth the work? Investigating students\u2019 perceptions of asynchronous video and social presence",
        "Conference/Meeting Name": "Paper presented at the Association for Educational Communications and Technology International Convention",
        "Conference Location": "Jacksonville, FL",
        "Date or Date Range": "2014, November",
        "Actual/Projected Year of Publication/Presentation": 2014,
        "Sponsoring Organization": "Association for Educational Communications and Technology",
        "Presenter(s)": null,
        "Web Address": "",
        "Description/Abstract": "",
        "Origin": "Other"
    },
    "facultyid": "113116836",
    "coauthors": {
        "145888": {
            "firstname": "Patrick",
            "middleinitial": "R.",
            "lastname": "Lowenthal",
            "percentcontribution": "",
            "sameschoolflag": 1,
            "facultyid": "113116836",
            "authorid": 145888,
            "scholarlyactivityid": 15184
        }
    },
    "status": [
        {
            "id": 15184,
            "status": "Completed/Published",
            "term": "Fall",
            "year": 2014,
            "termid": "2014/02",
            "listingorder": 6,
            "completionorder": 6
        }
    ],
    "userid": "113116836",
    "attachments": []
}