{
    "activityid": 15197,
    "fields": {
        "Type": "Presentation",
        "Title of Presentation": "Presentations as aesthetic learning  experiences: An exploration of instructional strategies used by exceptional presenters.",
        "Conference/Meeting Name": "Paper presented at the annual meeting of the American Educational Research Association",
        "Conference Location": "Vancouver",
        "Date or Date Range": "2012, April",
        "Actual/Projected Year of Publication/Presentation": 2012,
        "Sponsoring Organization": "American Educational Research Association",
        "Presenter(s)": null,
        "Web Address": "",
        "Description/Abstract": "",
        "Origin": "Other"
    },
    "facultyid": "113116836",
    "coauthors": {
        "145966": {
            "firstname": "Joanna",
            "middleinitial": "C.",
            "lastname": "Dunlap",
            "percentcontribution": "",
            "sameschoolflag": 0,
            "facultyid": null,
            "authorid": 145966,
            "scholarlyactivityid": 15197
        },
        "145967": {
            "firstname": "Patrick",
            "middleinitial": "R.",
            "lastname": "Lowenthal",
            "percentcontribution": "",
            "sameschoolflag": 1,
            "facultyid": "113116836",
            "authorid": 145967,
            "scholarlyactivityid": 15197
        }
    },
    "status": [
        {
            "id": 15197,
            "status": "Completed/Published",
            "term": "Spring",
            "year": 2012,
            "termid": "2011/03",
            "listingorder": 6,
            "completionorder": 6
        }
    ],
    "userid": "113116836",
    "attachments": []
}