{
    "activityid": 15199,
    "fields": {
        "Type": "Presentation",
        "Title of Presentation": "Presentations as Aesthetic Learning  Experiences: An Exploration of Instructional Strategies Used By Exceptional Presenters",
        "Conference/Meeting Name": "Paper presented at the Association for Educational Communications and Technology International Convention",
        "Conference Location": "Louisville, KY",
        "Date or Date Range": "2011, November",
        "Actual/Projected Year of Publication/Presentation": 2011,
        "Sponsoring Organization": "",
        "Presenter(s)": null,
        "Web Address": "",
        "Description/Abstract": "",
        "Origin": "Other"
    },
    "facultyid": "113116836",
    "coauthors": {
        "145975": {
            "firstname": "Joanna",
            "middleinitial": "C.",
            "lastname": "Dunlap",
            "percentcontribution": "",
            "sameschoolflag": 0,
            "facultyid": null,
            "authorid": 145975,
            "scholarlyactivityid": 15199
        },
        "145976": {
            "firstname": "Patrick",
            "middleinitial": "R.",
            "lastname": "Lowenthal",
            "percentcontribution": "",
            "sameschoolflag": 1,
            "facultyid": "113116836",
            "authorid": 145976,
            "scholarlyactivityid": 15199
        }
    },
    "status": [
        {
            "id": 15199,
            "status": "Completed/Published",
            "term": "Fall",
            "year": 2011,
            "termid": "2011/02",
            "listingorder": 6,
            "completionorder": 6
        }
    ],
    "userid": "113116836",
    "attachments": []
}