{
    "activityid": 15195,
    "fields": {
        "Type": "Presentation",
        "Title of Presentation": "The prevalence of convenient sampling: An investigation into sampling trends in online learning research",
        "Conference/Meeting Name": "Paper presented at the Association for Educational Communications and Technology International Convention",
        "Conference Location": "Louisville, KY",
        "Date or Date Range": "2012, November",
        "Actual/Projected Year of Publication/Presentation": 2012,
        "Sponsoring Organization": "Association for Educational Communications and Technology",
        "Presenter(s)": null,
        "Web Address": "",
        "Description/Abstract": "",
        "Origin": "Other"
    },
    "facultyid": "113116836",
    "coauthors": {
        "145963": {
            "firstname": "Patrick",
            "middleinitial": "R.",
            "lastname": "Lowenthal",
            "percentcontribution": "",
            "sameschoolflag": 1,
            "facultyid": "113116836",
            "authorid": 145963,
            "scholarlyactivityid": 15195
        },
        "145964": {
            "firstname": "Ross",
            "middleinitial": "Andrew",
            "lastname": "Perkins",
            "percentcontribution": "",
            "sameschoolflag": 1,
            "facultyid": "112180039",
            "authorid": 145964,
            "scholarlyactivityid": 15195
        }
    },
    "status": [
        {
            "id": 15195,
            "status": "Completed/Published",
            "term": "Fall",
            "year": 2012,
            "termid": "2012/02",
            "listingorder": 6,
            "completionorder": 6
        }
    ],
    "userid": "113116836",
    "attachments": []
}