{
    "activityid": 15193,
    "fields": {
        "Type": "Presentation",
        "Title of Presentation": "Problems measuring communities of inquiry:  An investigation of the community of inquiry questionnaire limitations",
        "Conference/Meeting Name": "Paper presented at the annual meeting of the American Educational Research Association",
        "Conference Location": "San Francisco CA",
        "Date or Date Range": "2013, April",
        "Actual/Projected Year of Publication/Presentation": 2013,
        "Sponsoring Organization": "American Educational Research Association",
        "Presenter(s)": null,
        "Web Address": "",
        "Description/Abstract": "",
        "Origin": "Other"
    },
    "facultyid": "113116836",
    "coauthors": {
        "145952": {
            "firstname": "Patrick",
            "middleinitial": "R.",
            "lastname": "Lowenthal",
            "percentcontribution": "",
            "sameschoolflag": 1,
            "facultyid": "113116836",
            "authorid": 145952,
            "scholarlyactivityid": 15193
        },
        "145953": {
            "firstname": "Joanna",
            "middleinitial": "C.",
            "lastname": "Dunlap",
            "percentcontribution": "",
            "sameschoolflag": 0,
            "facultyid": null,
            "authorid": 145953,
            "scholarlyactivityid": 15193
        }
    },
    "status": [
        {
            "id": 15193,
            "status": "Completed/Published",
            "term": "Spring",
            "year": 2013,
            "termid": "2012/03",
            "listingorder": 6,
            "completionorder": 6
        }
    ],
    "userid": "113116836",
    "attachments": []
}