{
    "activityid": 15200,
    "fields": {
        "Type": "Presentation",
        "Title of Presentation": "\u201cOnce upon a time there was this great teacher...\u201d What students\u2019 stories tell us about good instruction",
        "Conference/Meeting Name": "Paper presented at the Association for Educational Communications and Technology International Convention",
        "Conference Location": "Jacksonville, FL",
        "Date or Date Range": "2011, November",
        "Actual/Projected Year of Publication/Presentation": 2011,
        "Sponsoring Organization": "Association for Educational Communications and Technology",
        "Presenter(s)": null,
        "Web Address": "",
        "Description/Abstract": "",
        "Origin": "Other"
    },
    "facultyid": "113116836",
    "coauthors": {
        "145977": {
            "firstname": "Joanna",
            "middleinitial": "C.",
            "lastname": "Dunlap",
            "percentcontribution": "",
            "sameschoolflag": 0,
            "facultyid": null,
            "authorid": 145977,
            "scholarlyactivityid": 15200
        },
        "145978": {
            "firstname": "Patrick",
            "middleinitial": "R.",
            "lastname": "Lowenthal",
            "percentcontribution": "",
            "sameschoolflag": 1,
            "facultyid": "113116836",
            "authorid": 145978,
            "scholarlyactivityid": 15200
        }
    },
    "status": [
        {
            "id": 15200,
            "status": "Completed/Published",
            "term": "Fall",
            "year": 2011,
            "termid": "2011/02",
            "listingorder": 6,
            "completionorder": 6
        }
    ],
    "userid": "113116836",
    "attachments": []
}