{
    "activityid": 15206,
    "fields": {
        "Type": "Presentation",
        "Title of Presentation": "Using digital music to enhance students' experience in online courses",
        "Conference/Meeting Name": "Paper presented at the ISTE 2010",
        "Conference Location": "Denver, CO",
        "Date or Date Range": "2010, June",
        "Actual/Projected Year of Publication/Presentation": 2010,
        "Sponsoring Organization": "",
        "Presenter(s)": null,
        "Web Address": "",
        "Description/Abstract": "",
        "Origin": "Other"
    },
    "facultyid": "113116836",
    "coauthors": {
        "145983": {
            "firstname": "Joanna",
            "middleinitial": "C.",
            "lastname": "Dunlap",
            "percentcontribution": "",
            "sameschoolflag": 0,
            "facultyid": null,
            "authorid": 145983,
            "scholarlyactivityid": 15206
        },
        "145984": {
            "firstname": "Patrick",
            "middleinitial": "R.",
            "lastname": "Lowenthal",
            "percentcontribution": "",
            "sameschoolflag": 1,
            "facultyid": "113116836",
            "authorid": 145984,
            "scholarlyactivityid": 15206
        }
    },
    "status": [
        {
            "id": 15206,
            "status": "Completed/Published",
            "term": "Summer",
            "year": 2010,
            "termid": "2010/01",
            "listingorder": 6,
            "completionorder": 6
        }
    ],
    "userid": "113116836",
    "attachments": []
}