{
    "activityid": 15207,
    "fields": {
        "Type": "Presentation",
        "Title of Presentation": "A mixed methods examination of  instructor social presence in accelerated online courses",
        "Conference/Meeting Name": "Paper presented at the annual meeting of the American Educational Research Association",
        "Conference Location": "Denver, CO",
        "Date or Date Range": "2010, April",
        "Actual/Projected Year of Publication/Presentation": 2010,
        "Sponsoring Organization": "",
        "Presenter(s)": null,
        "Web Address": "",
        "Description/Abstract": "",
        "Origin": "Other"
    },
    "facultyid": "113116836",
    "coauthors": {
        "146000": {
            "firstname": "Darcy",
            "middleinitial": "Alison",
            "lastname": "Lowenthal",
            "percentcontribution": "",
            "sameschoolflag": 0,
            "facultyid": null,
            "authorid": 146000,
            "scholarlyactivityid": 15207
        },
        "146001": {
            "firstname": "Patrick",
            "middleinitial": "R.",
            "lastname": "Lowenthal",
            "percentcontribution": "",
            "sameschoolflag": 1,
            "facultyid": "113116836",
            "authorid": 146001,
            "scholarlyactivityid": 15207
        }
    },
    "status": [
        {
            "id": 15207,
            "status": "Completed/Published",
            "term": "Spring",
            "year": 2010,
            "termid": "2009/03",
            "listingorder": 6,
            "completionorder": 6
        }
    ],
    "userid": "113116836",
    "attachments": []
}