{
    "activityid": 15218,
    "fields": {
        "Type": "Presentation",
        "Title of Presentation": "Labels do matter! A critique of AECT\u2019s  redefinition of the field",
        "Conference/Meeting Name": "Paper presented at the Association for Educational Communications and Technology International Convention",
        "Conference Location": "Orlando, FL",
        "Date or Date Range": "2008, November",
        "Actual/Projected Year of Publication/Presentation": 2008,
        "Sponsoring Organization": "",
        "Presenter(s)": null,
        "Web Address": "",
        "Description/Abstract": "",
        "Origin": "Other"
    },
    "facultyid": "113116836",
    "coauthors": {
        "146022": {
            "firstname": "Patrick",
            "middleinitial": "R.",
            "lastname": "Lowenthal",
            "percentcontribution": "",
            "sameschoolflag": 1,
            "facultyid": "113116836",
            "authorid": 146022,
            "scholarlyactivityid": 15218
        },
        "146023": {
            "firstname": "Brent",
            "middleinitial": "G.",
            "lastname": "Wilson",
            "percentcontribution": "",
            "sameschoolflag": 0,
            "facultyid": null,
            "authorid": 146023,
            "scholarlyactivityid": 15218
        }
    },
    "status": [
        {
            "id": 15218,
            "status": "Completed/Published",
            "term": "Fall",
            "year": 2008,
            "termid": "2008/02",
            "listingorder": 6,
            "completionorder": 6
        }
    ],
    "userid": "113116836",
    "attachments": []
}