{
    "activityid": 15210,
    "fields": {
        "Type": "Presentation",
        "Title of Presentation": "Social presence: What is it? Does it make a difference?",
        "Conference/Meeting Name": "Paper presented at the annual meeting of the American Educational Research Association",
        "Conference Location": "Denver, CO",
        "Date or Date Range": "2010, April",
        "Actual/Projected Year of Publication/Presentation": 2010,
        "Sponsoring Organization": "",
        "Presenter(s)": null,
        "Web Address": "",
        "Description/Abstract": "",
        "Origin": "Other"
    },
    "facultyid": "113116836",
    "coauthors": {
        "145997": {
            "firstname": "Patrick",
            "middleinitial": "R.",
            "lastname": "Lowenthal",
            "percentcontribution": "",
            "sameschoolflag": 1,
            "facultyid": "113116836",
            "authorid": 145997,
            "scholarlyactivityid": 15210
        }
    },
    "status": [
        {
            "id": 15210,
            "status": "Completed/Published",
            "term": "Spring",
            "year": 2010,
            "termid": "2009/03",
            "listingorder": 6,
            "completionorder": 6
        }
    ],
    "userid": "113116836",
    "attachments": []
}