{
    "activityid": 15229,
    "fields": {
        "Type": "Presentation",
        "Title of Presentation": "Things I have learned in my online course so far",
        "Conference/Meeting Name": "Presentation at the ED-MEDIA 2012 International Conference",
        "Conference Location": "Denver, CO",
        "Date or Date Range": "2012, June",
        "Actual/Projected Year of Publication/Presentation": 2012,
        "Sponsoring Organization": "",
        "Presenter(s)": null,
        "Web Address": "",
        "Description/Abstract": "",
        "Origin": "Other"
    },
    "facultyid": "113116836",
    "coauthors": {
        "145970": {
            "firstname": "Joanna",
            "middleinitial": "C.",
            "lastname": "Dunlap",
            "percentcontribution": "",
            "sameschoolflag": 0,
            "facultyid": null,
            "authorid": 145970,
            "scholarlyactivityid": 15229
        },
        "145971": {
            "firstname": "Storm",
            "middleinitial": "",
            "lastname": "Gloor",
            "percentcontribution": "",
            "sameschoolflag": 0,
            "facultyid": null,
            "authorid": 145971,
            "scholarlyactivityid": 15229
        },
        "145972": {
            "firstname": "Patrick",
            "middleinitial": "R.",
            "lastname": "Lowenthal",
            "percentcontribution": "",
            "sameschoolflag": 1,
            "facultyid": "113116836",
            "authorid": 145972,
            "scholarlyactivityid": 15229
        },
        "145973": {
            "firstname": "Ellen",
            "middleinitial": "",
            "lastname": "Stevens",
            "percentcontribution": "",
            "sameschoolflag": 0,
            "facultyid": null,
            "authorid": 145973,
            "scholarlyactivityid": 15229
        },
        "145974": {
            "firstname": "Brian",
            "middleinitial": "",
            "lastname": "Yuhnke",
            "percentcontribution": "",
            "sameschoolflag": 0,
            "facultyid": null,
            "authorid": 145974,
            "scholarlyactivityid": 15229
        }
    },
    "status": [
        {
            "id": 15229,
            "status": "Completed/Published",
            "term": "Summer",
            "year": 2012,
            "termid": "2012/01",
            "listingorder": 6,
            "completionorder": 6
        }
    ],
    "userid": "113116836",
    "attachments": []
}