{
    "activityid": 15224,
    "fields": {
        "Type": "Presentation",
        "Title of Presentation": "Moving from &quot;sit and get&quot; to fully online: Our experience making faculty development awesome!",
        "Conference/Meeting Name": "Presentation at the 21st annual Online Learning Consortium International Conference",
        "Conference Location": "Orlando, FL",
        "Date or Date Range": "2015, October",
        "Actual/Projected Year of Publication/Presentation": 2015,
        "Sponsoring Organization": "",
        "Presenter(s)": null,
        "Web Address": "",
        "Description/Abstract": "",
        "Origin": "Other"
    },
    "facultyid": "113116836",
    "coauthors": {
        "145857": {
            "firstname": "Crystal",
            "middleinitial": "",
            "lastname": "Gasell",
            "percentcontribution": "",
            "sameschoolflag": 0,
            "facultyid": null,
            "authorid": 145857,
            "scholarlyactivityid": 15224
        },
        "145858": {
            "firstname": "Patrick",
            "middleinitial": "R.",
            "lastname": "Lowenthal",
            "percentcontribution": "",
            "sameschoolflag": 1,
            "facultyid": "113116836",
            "authorid": 145858,
            "scholarlyactivityid": 15224
        }
    },
    "status": [
        {
            "id": 15224,
            "status": "Completed/Published",
            "term": "Fall",
            "year": 2015,
            "termid": "2015/02",
            "listingorder": 6,
            "completionorder": 6
        }
    ],
    "userid": "113116836",
    "attachments": []
}