{
    "activityid": 15223,
    "fields": {
        "Type": "Presentation",
        "Title of Presentation": "A survey of admissions requirements of online doctoral programs",
        "Conference/Meeting Name": "Paper presented at the Association for Educational Communications and Technology International Convention",
        "Conference Location": "Jacksonville, FL",
        "Date or Date Range": "2014, November",
        "Actual/Projected Year of Publication/Presentation": 2014,
        "Sponsoring Organization": "Association for Educational Communications and Technology",
        "Presenter(s)": null,
        "Web Address": "",
        "Description/Abstract": "",
        "Origin": "Other"
    },
    "facultyid": "113116836",
    "coauthors": {
        "145892": {
            "firstname": "Ross",
            "middleinitial": "Andrew",
            "lastname": "Perkins",
            "percentcontribution": "",
            "sameschoolflag": 1,
            "facultyid": "112180039",
            "authorid": 145892,
            "scholarlyactivityid": 15223
        },
        "145893": {
            "firstname": "Patrick",
            "middleinitial": "R.",
            "lastname": "Lowenthal",
            "percentcontribution": "",
            "sameschoolflag": 1,
            "facultyid": "113116836",
            "authorid": 145893,
            "scholarlyactivityid": 15223
        }
    },
    "status": [
        {
            "id": 15223,
            "status": "Completed/Published",
            "term": "Fall",
            "year": 2014,
            "termid": "2014/02",
            "listingorder": 6,
            "completionorder": 6
        }
    ],
    "userid": "113116836",
    "attachments": []
}