{
    "activityid": 15227,
    "fields": {
        "Type": "Presentation",
        "Title of Presentation": "Presentations as aesthetic learning experiences: Situational qualities exhibited by exceptional presenters",
        "Conference/Meeting Name": "Paper presented at the ED-MEDIA 2012 International Conference",
        "Conference Location": "Denver, CO",
        "Date or Date Range": "2012, June",
        "Actual/Projected Year of Publication/Presentation": 2012,
        "Sponsoring Organization": "",
        "Presenter(s)": null,
        "Web Address": "",
        "Description/Abstract": "",
        "Origin": "Other"
    },
    "facultyid": "113116836",
    "coauthors": {
        "145968": {
            "firstname": "Joanna",
            "middleinitial": "C.",
            "lastname": "Dunlap",
            "percentcontribution": "",
            "sameschoolflag": 0,
            "facultyid": null,
            "authorid": 145968,
            "scholarlyactivityid": 15227
        },
        "145969": {
            "firstname": "Patrick",
            "middleinitial": "R.",
            "lastname": "Lowenthal",
            "percentcontribution": "",
            "sameschoolflag": 1,
            "facultyid": "113116836",
            "authorid": 145969,
            "scholarlyactivityid": 15227
        }
    },
    "status": [
        {
            "id": 15227,
            "status": "Completed/Published",
            "term": "Summer",
            "year": 2012,
            "termid": "2012/01",
            "listingorder": 6,
            "completionorder": 6
        }
    ],
    "userid": "113116836",
    "attachments": []
}