{
    "activityid": 15271,
    "fields": {
        "Type": "Presentation",
        "Title of Presentation": "Discussion Networks, Issues, and Perceptions of Polarization in the American Electorate",
        "Conference/Meeting Name": "Midwest Political Science Association Annual Conference",
        "Conference Location": "Chicago, IL",
        "Date or Date Range": "2015-04-16",
        "Actual/Projected Year of Publication/Presentation": 2015,
        "Sponsoring Organization": "Midwest Political Science Association",
        "Presenter(s)": null,
        "Web Address": "",
        "Description/Abstract": "",
        "Origin": "Other"
    },
    "facultyid": "113059727",
    "coauthors": {
        "63404": {
            "firstname": "Jeffrey",
            "middleinitial": "",
            "lastname": "Lyons",
            "percentcontribution": "0",
            "sameschoolflag": 1,
            "facultyid": "113059727",
            "authorid": 63404,
            "scholarlyactivityid": 15271
        },
        "63405": {
            "firstname": "Anand",
            "middleinitial": "E",
            "lastname": "Sokhey",
            "percentcontribution": "0",
            "sameschoolflag": 0,
            "facultyid": null,
            "authorid": 63405,
            "scholarlyactivityid": 15271
        }
    },
    "status": [
        {
            "id": 15271,
            "status": "Completed/Published",
            "term": "Spring",
            "year": 2015,
            "termid": "2014/03",
            "listingorder": 6,
            "completionorder": 6
        }
    ],
    "userid": "113059727",
    "attachments": []
}