{
    "activityid": 15272,
    "fields": {
        "Type": "Presentation",
        "Title of Presentation": "The Content and Consequences of Everyday Deliberation: Networks, Issues, and Political Convictions",
        "Conference/Meeting Name": "Midwest Political Science Association Annual Conference",
        "Conference Location": "Chicago, IL",
        "Date or Date Range": "2015-04-16",
        "Actual/Projected Year of Publication/Presentation": 2015,
        "Sponsoring Organization": "Midwest Political Science Association",
        "Presenter(s)": null,
        "Web Address": "",
        "Description/Abstract": "",
        "Origin": "Other"
    },
    "facultyid": "113059727",
    "coauthors": {
        "63406": {
            "firstname": "William",
            "middleinitial": "P",
            "lastname": "Jaeger",
            "percentcontribution": "0",
            "sameschoolflag": 0,
            "facultyid": null,
            "authorid": 63406,
            "scholarlyactivityid": 15272
        },
        "63407": {
            "firstname": "Jeffrey",
            "middleinitial": "",
            "lastname": "Lyons",
            "percentcontribution": "0",
            "sameschoolflag": 1,
            "facultyid": "113059727",
            "authorid": 63407,
            "scholarlyactivityid": 15272
        },
        "63408": {
            "firstname": "Anand ",
            "middleinitial": "E",
            "lastname": "Sokhey",
            "percentcontribution": "0",
            "sameschoolflag": 0,
            "facultyid": null,
            "authorid": 63408,
            "scholarlyactivityid": 15272
        }
    },
    "status": [
        {
            "id": 15272,
            "status": "Completed/Published",
            "term": "Spring",
            "year": 2015,
            "termid": "2014/03",
            "listingorder": 6,
            "completionorder": 6
        }
    ],
    "userid": "113059727",
    "attachments": []
}