{
    "activityid": 15347,
    "fields": {
        "Type": "Presentation",
        "Title of Presentation": "Fun with Feathers: Modeling, Guiding, and Scaffolding Writing Processes",
        "Conference/Meeting Name": "Annual Meeting of Society of Children's Book Writers and Illustrators",
        "Conference Location": "Boise ",
        "Date or Date Range": "2012-04-30",
        "Actual/Projected Year of Publication/Presentation": 2012,
        "Sponsoring Organization": "",
        "Presenter(s)": null,
        "Web Address": "",
        "Description/Abstract": "",
        "Origin": "Other"
    },
    "facultyid": "111728011",
    "coauthors": {
        "63548": {
            "firstname": "Susan",
            "middleinitial": "",
            "lastname": "Martin",
            "percentcontribution": "0",
            "sameschoolflag": 1,
            "facultyid": "111728011",
            "authorid": 63548,
            "scholarlyactivityid": 15347
        },
        "63549": {
            "firstname": "Cheryl",
            "middleinitial": "",
            "lastname": "Dismuke",
            "percentcontribution": "0",
            "sameschoolflag": 1,
            "facultyid": "111346076",
            "authorid": 63549,
            "scholarlyactivityid": 15347
        }
    },
    "status": [
        {
            "id": 15347,
            "status": "Completed/Published",
            "term": "Spring",
            "year": 2012,
            "termid": "2011/03",
            "listingorder": 6,
            "completionorder": 6
        }
    ],
    "userid": "111728011",
    "attachments": []
}