{
    "activityid": 15358,
    "fields": {
        "Type": "Presentation",
        "Title of Presentation": "Internal and External influence of an Elementary Education Liaison Group",
        "Conference/Meeting Name": "Annual Conference of The Association of Teacher Educators ",
        "Conference Location": "Saint Louis, MO.",
        "Date or Date Range": "2014-02-28",
        "Actual/Projected Year of Publication/Presentation": 2014,
        "Sponsoring Organization": "ATE",
        "Presenter(s)": null,
        "Web Address": "",
        "Description/Abstract": "",
        "Origin": "Other"
    },
    "facultyid": "111728011",
    "coauthors": {
        "63573": {
            "firstname": "Jennifer",
            "middleinitial": "Lynn",
            "lastname": "Snow-Gerono",
            "percentcontribution": "0",
            "sameschoolflag": 1,
            "facultyid": "112002071",
            "authorid": 63573,
            "scholarlyactivityid": 15358
        },
        "63574": {
            "firstname": "Cheryl",
            "middleinitial": "",
            "lastname": "Dismuke",
            "percentcontribution": "0",
            "sameschoolflag": 1,
            "facultyid": "111346076",
            "authorid": 63574,
            "scholarlyactivityid": 15358
        },
        "63575": {
            "firstname": "Susan",
            "middleinitial": "",
            "lastname": "Martin",
            "percentcontribution": "0",
            "sameschoolflag": 1,
            "facultyid": "111728011",
            "authorid": 63575,
            "scholarlyactivityid": 15358
        }
    },
    "status": [
        {
            "id": 15358,
            "status": "Completed/Published",
            "term": "Spring",
            "year": 2014,
            "termid": "2013/03",
            "listingorder": 6,
            "completionorder": 6
        }
    ],
    "userid": "111728011",
    "attachments": []
}