{
    "activityid": 15351,
    "fields": {
        "Type": "Presentation",
        "Title of Presentation": "New literacies and technology: Keeping current in a writing methods course. ",
        "Conference/Meeting Name": "Annual conference of the Literacy Research Association",
        "Conference Location": "Encinitas, CA",
        "Date or Date Range": "2015-12-31",
        "Actual/Projected Year of Publication/Presentation": 2015,
        "Sponsoring Organization": "LRA",
        "Presenter(s)": null,
        "Web Address": "",
        "Description/Abstract": "",
        "Origin": "Other"
    },
    "facultyid": "111728011",
    "coauthors": {
        "63561": {
            "firstname": "Susan",
            "middleinitial": "",
            "lastname": "Martin",
            "percentcontribution": "0",
            "sameschoolflag": 1,
            "facultyid": "111728011",
            "authorid": 63561,
            "scholarlyactivityid": 15351
        }
    },
    "status": [
        {
            "id": 15351,
            "status": "Completed/Published",
            "term": "Fall",
            "year": 2015,
            "termid": "2015/02",
            "listingorder": 6,
            "completionorder": 6
        }
    ],
    "userid": "111728011",
    "attachments": []
}