{
    "activityid": 15350,
    "fields": {
        "Type": "Presentation",
        "Title of Presentation": "Comparing teacher practices and understandings: Finding value in writing teacher education",
        "Conference/Meeting Name": "Annual conference of the Literacy Research Association",
        "Conference Location": "Encinitas, CA",
        "Date or Date Range": "2015-12-31",
        "Actual/Projected Year of Publication/Presentation": 2015,
        "Sponsoring Organization": "LRA",
        "Presenter(s)": null,
        "Web Address": "",
        "Description/Abstract": "",
        "Origin": "Other"
    },
    "facultyid": "111728011",
    "coauthors": {
        "63560": {
            "firstname": "Susan",
            "middleinitial": "",
            "lastname": "Martin",
            "percentcontribution": "0",
            "sameschoolflag": 1,
            "facultyid": "111728011",
            "authorid": 63560,
            "scholarlyactivityid": 15350
        }
    },
    "status": [
        {
            "id": 15350,
            "status": "Completed/Published",
            "term": "Fall",
            "year": 2015,
            "termid": "2015/02",
            "listingorder": 6,
            "completionorder": 6
        }
    ],
    "userid": "111728011",
    "attachments": []
}