{
    "activityid": 15352,
    "fields": {
        "Type": "Presentation",
        "Title of Presentation": "Developing Professional Capital in an Elementary Education Liaison Group",
        "Conference/Meeting Name": "the annual meeting of the American Educational Research Association",
        "Conference Location": "Chicago, IL",
        "Date or Date Range": "2015-04-30",
        "Actual/Projected Year of Publication/Presentation": 2015,
        "Sponsoring Organization": "AERA",
        "Presenter(s)": null,
        "Web Address": "",
        "Description/Abstract": "",
        "Origin": "Other"
    },
    "facultyid": "111728011",
    "coauthors": {
        "63562": {
            "firstname": "Jennifer",
            "middleinitial": "Lynn",
            "lastname": "Snow-Gerono",
            "percentcontribution": "0",
            "sameschoolflag": 1,
            "facultyid": "112002071",
            "authorid": 63562,
            "scholarlyactivityid": 15352
        },
        "63563": {
            "firstname": "Susan",
            "middleinitial": "",
            "lastname": "Martin",
            "percentcontribution": "0",
            "sameschoolflag": 1,
            "facultyid": "111728011",
            "authorid": 63563,
            "scholarlyactivityid": 15352
        }
    },
    "status": [
        {
            "id": 15352,
            "status": "Completed/Published",
            "term": "Spring",
            "year": 2015,
            "termid": "2014/03",
            "listingorder": 6,
            "completionorder": 6
        }
    ],
    "userid": "111728011",
    "attachments": []
}