{
    "activityid": 15359,
    "fields": {
        "Type": "Presentation",
        "Title of Presentation": "Confessions of Practice: Multi-dimensional interweavings of our work as teacher educators",
        "Conference/Meeting Name": "American Education Research Association ",
        "Conference Location": "San Francisco, CA",
        "Date or Date Range": "2013-04-30",
        "Actual/Projected Year of Publication/Presentation": 2013,
        "Sponsoring Organization": "",
        "Presenter(s)": null,
        "Web Address": "",
        "Description/Abstract": "",
        "Origin": "Other"
    },
    "facultyid": "111728011",
    "coauthors": {
        "63576": {
            "firstname": "Jennifer ",
            "middleinitial": "",
            "lastname": "Snow",
            "percentcontribution": "0",
            "sameschoolflag": 0,
            "facultyid": null,
            "authorid": 63576,
            "scholarlyactivityid": 15359
        },
        "63577": {
            "firstname": "Susan",
            "middleinitial": "",
            "lastname": "Martin",
            "percentcontribution": "0",
            "sameschoolflag": 1,
            "facultyid": "111728011",
            "authorid": 63577,
            "scholarlyactivityid": 15359
        }
    },
    "status": [
        {
            "id": 15359,
            "status": "Completed/Published",
            "term": "Spring",
            "year": 2013,
            "termid": "2012/03",
            "listingorder": 6,
            "completionorder": 6
        }
    ],
    "userid": "111728011",
    "attachments": []
}