{
    "activityid": 15354,
    "fields": {
        "Type": "Presentation",
        "Title of Presentation": "Influences of a writing methods course on teacher practice and student learning opportunities.  ",
        "Conference/Meeting Name": "LRA Annual Conference ",
        "Conference Location": "Marco Island, FL",
        "Date or Date Range": "2014-12-31",
        "Actual/Projected Year of Publication/Presentation": 2014,
        "Sponsoring Organization": "Literacy Research Association ",
        "Presenter(s)": null,
        "Web Address": "",
        "Description/Abstract": "",
        "Origin": "Other"
    },
    "facultyid": "111728011",
    "coauthors": {
        "63565": {
            "firstname": "Susan ",
            "middleinitial": "D. ",
            "lastname": "Martin ",
            "percentcontribution": "0",
            "sameschoolflag": 0,
            "facultyid": null,
            "authorid": 63565,
            "scholarlyactivityid": 15354
        },
        "63566": {
            "firstname": "Sherry ",
            "middleinitial": "",
            "lastname": "Dismuke ",
            "percentcontribution": "0",
            "sameschoolflag": 0,
            "facultyid": null,
            "authorid": 63566,
            "scholarlyactivityid": 15354
        }
    },
    "status": [
        {
            "id": 15354,
            "status": "Completed/Published",
            "term": "Fall",
            "year": 2014,
            "termid": "2014/02",
            "listingorder": 6,
            "completionorder": 6
        }
    ],
    "userid": "111728011",
    "attachments": []
}