{
    "activityid": 15363,
    "fields": {
        "Type": "Presentation",
        "Title of Presentation": "Composing and decomposing: Understanding the complexities of the writing processes",
        "Conference/Meeting Name": "Literacy Research Association",
        "Conference Location": "San Diego, California",
        "Date or Date Range": "2012-11-30",
        "Actual/Projected Year of Publication/Presentation": 2012,
        "Sponsoring Organization": "Teacher Education Research Study Group (TERSG)",
        "Presenter(s)": null,
        "Web Address": "",
        "Description/Abstract": "",
        "Origin": "Other"
    },
    "facultyid": "111728011",
    "coauthors": {
        "63583": {
            "firstname": "Susan",
            "middleinitial": "",
            "lastname": "Martin",
            "percentcontribution": "0",
            "sameschoolflag": 1,
            "facultyid": "111728011",
            "authorid": 63583,
            "scholarlyactivityid": 15363
        },
        "63584": {
            "firstname": "Cheryl",
            "middleinitial": "",
            "lastname": "Dismuke",
            "percentcontribution": "0",
            "sameschoolflag": 1,
            "facultyid": "111346076",
            "authorid": 63584,
            "scholarlyactivityid": 15363
        }
    },
    "status": [
        {
            "id": 15363,
            "status": "Completed/Published",
            "term": "Fall",
            "year": 2012,
            "termid": "2012/02",
            "listingorder": 6,
            "completionorder": 6
        }
    ],
    "userid": "111728011",
    "attachments": []
}