{
    "activityid": 15361,
    "fields": {
        "Type": "Presentation",
        "Title of Presentation": "Book club as a high leverage practice in an elementary writing methods course.",
        "Conference/Meeting Name": "American Education Research Association",
        "Conference Location": "Vancouver, British Columbia, CA",
        "Date or Date Range": "2012-04-30",
        "Actual/Projected Year of Publication/Presentation": 2012,
        "Sponsoring Organization": "",
        "Presenter(s)": null,
        "Web Address": "",
        "Description/Abstract": "",
        "Origin": "Other"
    },
    "facultyid": "111728011",
    "coauthors": {
        "63579": {
            "firstname": "Susan",
            "middleinitial": "",
            "lastname": "Martin",
            "percentcontribution": "0",
            "sameschoolflag": 1,
            "facultyid": "111728011",
            "authorid": 63579,
            "scholarlyactivityid": 15361
        },
        "63580": {
            "firstname": "Cheryl",
            "middleinitial": "",
            "lastname": "Dismuke",
            "percentcontribution": "0",
            "sameschoolflag": 1,
            "facultyid": "111346076",
            "authorid": 63580,
            "scholarlyactivityid": 15361
        }
    },
    "status": [
        {
            "id": 15361,
            "status": "Completed/Published",
            "term": "Spring",
            "year": 2012,
            "termid": "2011/03",
            "listingorder": 6,
            "completionorder": 6
        }
    ],
    "userid": "111728011",
    "attachments": []
}