{
    "activityid": 15365,
    "fields": {
        "Type": "Presentation",
        "Title of Presentation": "Creating student writing profiles",
        "Conference/Meeting Name": "Literacy Reseach Association",
        "Conference Location": "Fort Worth, TX",
        "Date or Date Range": "2010-12-31",
        "Actual/Projected Year of Publication/Presentation": 2010,
        "Sponsoring Organization": "Teacher Education Research Study group",
        "Presenter(s)": null,
        "Web Address": "",
        "Description/Abstract": "",
        "Origin": "Other"
    },
    "facultyid": "111728011",
    "coauthors": {
        "63590": {
            "firstname": "Susan",
            "middleinitial": "",
            "lastname": "Martin",
            "percentcontribution": "0",
            "sameschoolflag": 1,
            "facultyid": "111728011",
            "authorid": 63590,
            "scholarlyactivityid": 15365
        },
        "63591": {
            "firstname": "Cheryl",
            "middleinitial": "",
            "lastname": "Dismuke",
            "percentcontribution": "0",
            "sameschoolflag": 1,
            "facultyid": "111346076",
            "authorid": 63591,
            "scholarlyactivityid": 15365
        }
    },
    "status": [
        {
            "id": 15365,
            "status": "Completed/Published",
            "term": "Fall",
            "year": 2010,
            "termid": "2010/02",
            "listingorder": 6,
            "completionorder": 6
        }
    ],
    "userid": "111728011",
    "attachments": []
}