{
    "activityid": 15364,
    "fields": {
        "Type": "Presentation",
        "Title of Presentation": "Engaging in Third Space: Implementing a Shared Leadership Model in One Teacher Education Unit ",
        "Conference/Meeting Name": "American Association of Colleges of Teacher Education",
        "Conference Location": "Chicago, IL",
        "Date or Date Range": "2012-02-28",
        "Actual/Projected Year of Publication/Presentation": 2012,
        "Sponsoring Organization": "AACTE",
        "Presenter(s)": null,
        "Web Address": "",
        "Description/Abstract": "",
        "Origin": "Other"
    },
    "facultyid": "111728011",
    "coauthors": {
        "63585": {
            "firstname": "Jennifer",
            "middleinitial": "Lynn",
            "lastname": "Snow-Gerono",
            "percentcontribution": "0",
            "sameschoolflag": 1,
            "facultyid": "112002071",
            "authorid": 63585,
            "scholarlyactivityid": 15364
        },
        "63586": {
            "firstname": "Susan",
            "middleinitial": "",
            "lastname": "Martin",
            "percentcontribution": "0",
            "sameschoolflag": 1,
            "facultyid": "111728011",
            "authorid": 63586,
            "scholarlyactivityid": 15364
        },
        "63587": {
            "firstname": "Richard",
            "middleinitial": "Douglas",
            "lastname": "Osguthorpe",
            "percentcontribution": "0",
            "sameschoolflag": 1,
            "facultyid": "112055930",
            "authorid": 63587,
            "scholarlyactivityid": 15364
        },
        "63588": {
            "firstname": "Kenneth",
            "middleinitial": "M",
            "lastname": "Coll",
            "percentcontribution": "0",
            "sameschoolflag": 1,
            "facultyid": "111112183",
            "authorid": 63588,
            "scholarlyactivityid": 15364
        },
        "63589": {
            "firstname": "Diane",
            "middleinitial": "R",
            "lastname": "Boothe",
            "percentcontribution": "0",
            "sameschoolflag": 1,
            "facultyid": "112054227",
            "authorid": 63589,
            "scholarlyactivityid": 15364
        }
    },
    "status": [
        {
            "id": 15364,
            "status": "Completed/Published",
            "term": "Spring",
            "year": 2012,
            "termid": "2011/03",
            "listingorder": 6,
            "completionorder": 6
        }
    ],
    "userid": "111728011",
    "attachments": []
}