{
    "activityid": 15367,
    "fields": {
        "Type": "Presentation",
        "Title of Presentation": "Constructing a classroom community ",
        "Conference/Meeting Name": "Presentation for ED-CIFS 330: Social Studies Methods Course",
        "Conference Location": "Boise, ID",
        "Date or Date Range": "2005-12-31",
        "Actual/Projected Year of Publication/Presentation": 2005,
        "Sponsoring Organization": "Boise State University",
        "Presenter(s)": null,
        "Web Address": "",
        "Description/Abstract": "",
        "Origin": "Other"
    },
    "facultyid": "111728011",
    "coauthors": {
        "63597": {
            "firstname": "Susan",
            "middleinitial": "",
            "lastname": "Martin",
            "percentcontribution": "0",
            "sameschoolflag": 1,
            "facultyid": "111728011",
            "authorid": 63597,
            "scholarlyactivityid": 15367
        }
    },
    "status": [
        {
            "id": 15367,
            "status": "Completed/Published",
            "term": "Fall",
            "year": 2005,
            "termid": "2005/02",
            "listingorder": 6,
            "completionorder": 6
        }
    ],
    "userid": "111728011",
    "attachments": []
}