{
    "activityid": 15362,
    "fields": {
        "Type": "Presentation",
        "Title of Presentation": "Content, conversation, and connections: Learning from book clubs in an elementary writing methods course. ",
        "Conference/Meeting Name": "Literacy Research Association",
        "Conference Location": "Jacksonville, FL.",
        "Date or Date Range": "2011-12-31",
        "Actual/Projected Year of Publication/Presentation": 2011,
        "Sponsoring Organization": "",
        "Presenter(s)": null,
        "Web Address": "",
        "Description/Abstract": "",
        "Origin": "Other"
    },
    "facultyid": "111728011",
    "coauthors": {
        "63581": {
            "firstname": "Susan",
            "middleinitial": "",
            "lastname": "Martin",
            "percentcontribution": "0",
            "sameschoolflag": 1,
            "facultyid": "111728011",
            "authorid": 63581,
            "scholarlyactivityid": 15362
        },
        "63582": {
            "firstname": "Cheryl",
            "middleinitial": "",
            "lastname": "Dismuke",
            "percentcontribution": "0",
            "sameschoolflag": 1,
            "facultyid": "111346076",
            "authorid": 63582,
            "scholarlyactivityid": 15362
        }
    },
    "status": [
        {
            "id": 15362,
            "status": "Completed/Published",
            "term": "Fall",
            "year": 2011,
            "termid": "2011/02",
            "listingorder": 6,
            "completionorder": 6
        }
    ],
    "userid": "111728011",
    "attachments": []
}