{
    "activityid": 15375,
    "fields": {
        "Type": "Presentation",
        "Title of Presentation": "Intersecting Tasks and Roles: Learning from Book Clubs in an Elementary Writing Methods Course",
        "Conference/Meeting Name": "annual conference of the American Educational Research Association ",
        "Conference Location": "Vancouver, B.C.",
        "Date or Date Range": "2012-12-31",
        "Actual/Projected Year of Publication/Presentation": 2012,
        "Sponsoring Organization": "American Educational Research Association ",
        "Presenter(s)": null,
        "Web Address": "",
        "Description/Abstract": "",
        "Origin": "Other"
    },
    "facultyid": "111728011",
    "coauthors": {
        "63609": {
            "firstname": "Susan",
            "middleinitial": "",
            "lastname": "Martin",
            "percentcontribution": "0",
            "sameschoolflag": 1,
            "facultyid": "111728011",
            "authorid": 63609,
            "scholarlyactivityid": 15375
        },
        "63610": {
            "firstname": "S",
            "middleinitial": "",
            "lastname": "Dismuke",
            "percentcontribution": "0",
            "sameschoolflag": 0,
            "facultyid": null,
            "authorid": 63610,
            "scholarlyactivityid": 15375
        }
    },
    "status": [
        {
            "id": 15375,
            "status": "Completed/Published",
            "term": "Fall",
            "year": 2012,
            "termid": "2012/02",
            "listingorder": 6,
            "completionorder": 6
        }
    ],
    "userid": "111728011",
    "attachments": []
}