{
    "activityid": 15372,
    "fields": {
        "Type": "Presentation",
        "Title of Presentation": "Constructing a classroom community ",
        "Conference/Meeting Name": "presentation for EDTEP 541 Course",
        "Conference Location": "Seattle, WA",
        "Date or Date Range": "1998-12-31",
        "Actual/Projected Year of Publication/Presentation": 1998,
        "Sponsoring Organization": "University of Washington ",
        "Presenter(s)": null,
        "Web Address": "",
        "Description/Abstract": "",
        "Origin": "Other"
    },
    "facultyid": "111728011",
    "coauthors": {
        "63606": {
            "firstname": "Susan",
            "middleinitial": "",
            "lastname": "Martin",
            "percentcontribution": "0",
            "sameschoolflag": 1,
            "facultyid": "111728011",
            "authorid": 63606,
            "scholarlyactivityid": 15372
        }
    },
    "status": [
        {
            "id": 15372,
            "status": "Completed/Published",
            "term": "Fall",
            "year": 1998,
            "termid": "1998/02",
            "listingorder": 6,
            "completionorder": 6
        }
    ],
    "userid": "111728011",
    "attachments": []
}