{
    "activityid": 15370,
    "fields": {
        "Type": "Presentation",
        "Title of Presentation": "Constructing a classroom community ",
        "Conference/Meeting Name": "presentation for EDTEP 541 Course",
        "Conference Location": "Seattle, WA",
        "Date or Date Range": "1999-12-31",
        "Actual/Projected Year of Publication/Presentation": 1999,
        "Sponsoring Organization": "University of Washington",
        "Presenter(s)": null,
        "Web Address": "",
        "Description/Abstract": "",
        "Origin": "Other"
    },
    "facultyid": "111728011",
    "coauthors": {
        "63600": {
            "firstname": "Susan",
            "middleinitial": "",
            "lastname": "Martin",
            "percentcontribution": "0",
            "sameschoolflag": 1,
            "facultyid": "111728011",
            "authorid": 63600,
            "scholarlyactivityid": 15370
        }
    },
    "status": [
        {
            "id": 15370,
            "status": "Completed/Published",
            "term": "Fall",
            "year": 1999,
            "termid": "1999/02",
            "listingorder": 6,
            "completionorder": 6
        }
    ],
    "userid": "111728011",
    "attachments": []
}