{
    "activityid": 15374,
    "fields": {
        "Type": "Presentation",
        "Title of Presentation": "Problem solving in the primary grades",
        "Conference/Meeting Name": "22nd Annual Northwest Math Conference",
        "Conference Location": "Eugene, OR",
        "Date or Date Range": "1987-12-31",
        "Actual/Projected Year of Publication/Presentation": 1987,
        "Sponsoring Organization": "Northwest Council of Teachers of Mathematics",
        "Presenter(s)": null,
        "Web Address": "",
        "Description/Abstract": "",
        "Origin": "Other"
    },
    "facultyid": "111728011",
    "coauthors": {
        "63608": {
            "firstname": "Susan",
            "middleinitial": "",
            "lastname": "Martin",
            "percentcontribution": "0",
            "sameschoolflag": 1,
            "facultyid": "111728011",
            "authorid": 63608,
            "scholarlyactivityid": 15374
        }
    },
    "status": [
        {
            "id": 15374,
            "status": "Completed/Published",
            "term": "Fall",
            "year": 1987,
            "termid": "1987/02",
            "listingorder": 6,
            "completionorder": 6
        }
    ],
    "userid": "111728011",
    "attachments": []
}