{
    "activityid": 15377,
    "fields": {
        "Type": "Presentation",
        "Title of Presentation": "Content, Conversation, and Connections: Learning \tfrom \tBook Clubs in an Elementary Writing Methods Course",
        "Conference/Meeting Name": "annual conference of the Literacy Research Association",
        "Conference Location": "Jacksonville, FL",
        "Date or Date Range": "2011-12-31",
        "Actual/Projected Year of Publication/Presentation": 2011,
        "Sponsoring Organization": "Literacy Research Association ",
        "Presenter(s)": null,
        "Web Address": "",
        "Description/Abstract": "",
        "Origin": "Other"
    },
    "facultyid": "111728011",
    "coauthors": {
        "63614": {
            "firstname": "Susan",
            "middleinitial": "",
            "lastname": "Martin",
            "percentcontribution": "0",
            "sameschoolflag": 1,
            "facultyid": "111728011",
            "authorid": 63614,
            "scholarlyactivityid": 15377
        },
        "63615": {
            "firstname": "S",
            "middleinitial": "",
            "lastname": "Dismuke",
            "percentcontribution": "0",
            "sameschoolflag": 0,
            "facultyid": null,
            "authorid": 63615,
            "scholarlyactivityid": 15377
        }
    },
    "status": [
        {
            "id": 15377,
            "status": "Completed/Published",
            "term": "Fall",
            "year": 2011,
            "termid": "2011/02",
            "listingorder": 6,
            "completionorder": 6
        }
    ],
    "userid": "111728011",
    "attachments": []
}