{
    "activityid": 15373,
    "fields": {
        "Type": "Presentation",
        "Title of Presentation": "Introduction to the theory of multiple intelligences",
        "Conference/Meeting Name": "presentation for the parents of studentes in the Talented and Gifted Programs ",
        "Conference Location": "Creswell School District, Creswell, OR",
        "Date or Date Range": "1992-12-31",
        "Actual/Projected Year of Publication/Presentation": 1992,
        "Sponsoring Organization": "Talented and Gifted Programs ",
        "Presenter(s)": null,
        "Web Address": "",
        "Description/Abstract": "",
        "Origin": "Other"
    },
    "facultyid": "111728011",
    "coauthors": {
        "63607": {
            "firstname": "Susan",
            "middleinitial": "",
            "lastname": "Martin",
            "percentcontribution": "0",
            "sameschoolflag": 1,
            "facultyid": "111728011",
            "authorid": 63607,
            "scholarlyactivityid": 15373
        }
    },
    "status": [
        {
            "id": 15373,
            "status": "Completed/Published",
            "term": "Fall",
            "year": 1992,
            "termid": "1992/02",
            "listingorder": 6,
            "completionorder": 6
        }
    ],
    "userid": "111728011",
    "attachments": []
}