{
    "activityid": 15386,
    "fields": {
        "Type": "Presentation",
        "Title of Presentation": "Befuddled, bewildered, and even bemused: self-study of teacher educators in school-university partnerships",
        "Conference/Meeting Name": "American Educational Research Association",
        "Conference Location": "New York,NY",
        "Date or Date Range": "2008-03-31",
        "Actual/Projected Year of Publication/Presentation": 2008,
        "Sponsoring Organization": "American Educational Research Association",
        "Presenter(s)": null,
        "Web Address": "",
        "Description/Abstract": "",
        "Origin": "Other"
    },
    "facultyid": "111728011",
    "coauthors": {
        "63634": {
            "firstname": "C",
            "middleinitial": "A",
            "lastname": "Franklin",
            "percentcontribution": "0",
            "sameschoolflag": 1,
            "facultyid": "112001795",
            "authorid": 63634,
            "scholarlyactivityid": 15386
        },
        "63635": {
            "firstname": "Jennifer",
            "middleinitial": "Lynn",
            "lastname": "Snow-Gerono",
            "percentcontribution": "0",
            "sameschoolflag": 1,
            "facultyid": "112002071",
            "authorid": 63635,
            "scholarlyactivityid": 15386
        },
        "63636": {
            "firstname": "Susan",
            "middleinitial": "",
            "lastname": "Martin",
            "percentcontribution": "0",
            "sameschoolflag": 1,
            "facultyid": "111728011",
            "authorid": 63636,
            "scholarlyactivityid": 15386
        }
    },
    "status": [
        {
            "id": 15386,
            "status": "Completed/Published",
            "term": "Spring",
            "year": 2008,
            "termid": "2007/03",
            "listingorder": 6,
            "completionorder": 6
        }
    ],
    "userid": "111728011",
    "attachments": []
}