{
    "activityid": 15388,
    "fields": {
        "Type": "Presentation",
        "Title of Presentation": "Teachign for the test: What we've learned ",
        "Conference/Meeting Name": "annual conference of the International Reading Association",
        "Conference Location": "Chicago, IL",
        "Date or Date Range": "2006-12-31",
        "Actual/Projected Year of Publication/Presentation": 2006,
        "Sponsoring Organization": "International Reading Association ",
        "Presenter(s)": null,
        "Web Address": "",
        "Description/Abstract": "",
        "Origin": "Other"
    },
    "facultyid": "111728011",
    "coauthors": {
        "63639": {
            "firstname": "Susan",
            "middleinitial": "",
            "lastname": "Martin",
            "percentcontribution": "0",
            "sameschoolflag": 1,
            "facultyid": "111728011",
            "authorid": 63639,
            "scholarlyactivityid": 15388
        },
        "63640": {
            "firstname": "M",
            "middleinitial": "",
            "lastname": "Cahill",
            "percentcontribution": "0",
            "sameschoolflag": 1,
            "facultyid": "111686001",
            "authorid": 63640,
            "scholarlyactivityid": 15388
        }
    },
    "status": [
        {
            "id": 15388,
            "status": "Completed/Published",
            "term": "Fall",
            "year": 2006,
            "termid": "2006/02",
            "listingorder": 6,
            "completionorder": 6
        }
    ],
    "userid": "111728011",
    "attachments": []
}