{
    "activityid": 15398,
    "fields": {
        "Type": "Presentation",
        "Title of Presentation": "Navigating coursework and field experience: The Process of learning to teach ",
        "Conference/Meeting Name": "annual meeting of the American Education Research Association ",
        "Conference Location": "New Orleans, LA",
        "Date or Date Range": "2000-12-31",
        "Actual/Projected Year of Publication/Presentation": 2000,
        "Sponsoring Organization": "American Education Research Association ",
        "Presenter(s)": null,
        "Web Address": "",
        "Description/Abstract": "",
        "Origin": "Other"
    },
    "facultyid": "111728011",
    "coauthors": {
        "63655": {
            "firstname": "P",
            "middleinitial": "",
            "lastname": "Grossman",
            "percentcontribution": "0",
            "sameschoolflag": 0,
            "facultyid": null,
            "authorid": 63655,
            "scholarlyactivityid": 15398
        },
        "63656": {
            "firstname": "S",
            "middleinitial": "",
            "lastname": "Valencia",
            "percentcontribution": "0",
            "sameschoolflag": 0,
            "facultyid": null,
            "authorid": 63656,
            "scholarlyactivityid": 15398
        },
        "63657": {
            "firstname": "Susan",
            "middleinitial": "",
            "lastname": "Martin",
            "percentcontribution": "0",
            "sameschoolflag": 1,
            "facultyid": "111728011",
            "authorid": 63657,
            "scholarlyactivityid": 15398
        },
        "63658": {
            "firstname": "C",
            "middleinitial": "",
            "lastname": "Thompson",
            "percentcontribution": "0",
            "sameschoolflag": 0,
            "facultyid": null,
            "authorid": 63658,
            "scholarlyactivityid": 15398
        },
        "63659": {
            "firstname": "N",
            "middleinitial": "",
            "lastname": "Place",
            "percentcontribution": "0",
            "sameschoolflag": 0,
            "facultyid": null,
            "authorid": 63659,
            "scholarlyactivityid": 15398
        }
    },
    "status": [
        {
            "id": 15398,
            "status": "Completed/Published",
            "term": "Fall",
            "year": 2000,
            "termid": "2000/02",
            "listingorder": 6,
            "completionorder": 6
        }
    ],
    "userid": "111728011",
    "attachments": []
}