{
    "activityid": 15391,
    "fields": {
        "Type": "Presentation",
        "Title of Presentation": "Beyond teaching for the test: An exploration of the critical issues inherent to the dilemmas of preparing students to pass high stakes test in the context of teacher preparation programs",
        "Conference/Meeting Name": "23rd annual conference of the Northern Rocky Mountain Educational Research Association ",
        "Conference Location": "Jackson Hole, WY",
        "Date or Date Range": "2005-12-31",
        "Actual/Projected Year of Publication/Presentation": 2005,
        "Sponsoring Organization": "Northern Rocky Mountain Educational Research Association ",
        "Presenter(s)": null,
        "Web Address": "",
        "Description/Abstract": "",
        "Origin": "Other"
    },
    "facultyid": "111728011",
    "coauthors": {
        "63645": {
            "firstname": "Susan",
            "middleinitial": "",
            "lastname": "Martin",
            "percentcontribution": "0",
            "sameschoolflag": 1,
            "facultyid": "111728011",
            "authorid": 63645,
            "scholarlyactivityid": 15391
        },
        "63646": {
            "firstname": "R",
            "middleinitial": "",
            "lastname": "Palmer",
            "percentcontribution": "0",
            "sameschoolflag": 0,
            "facultyid": null,
            "authorid": 63646,
            "scholarlyactivityid": 15391
        }
    },
    "status": [
        {
            "id": 15391,
            "status": "Completed/Published",
            "term": "Fall",
            "year": 2005,
            "termid": "2005/02",
            "listingorder": 6,
            "completionorder": 6
        }
    ],
    "userid": "111728011",
    "attachments": []
}