{
    "activityid": 15394,
    "fields": {
        "Type": "Presentation",
        "Title of Presentation": "Organizing and guiding writing activity in three urban classrooms",
        "Conference/Meeting Name": "Cultural Diversity and Language Education Conference",
        "Conference Location": "Honolulu, HI",
        "Date or Date Range": "2004-12-31",
        "Actual/Projected Year of Publication/Presentation": 2004,
        "Sponsoring Organization": "Cultural Diversity and Language Education Conference",
        "Presenter(s)": null,
        "Web Address": "",
        "Description/Abstract": "",
        "Origin": "Other"
    },
    "facultyid": "111728011",
    "coauthors": {
        "63649": {
            "firstname": "Susan",
            "middleinitial": "",
            "lastname": "Martin",
            "percentcontribution": "0",
            "sameschoolflag": 1,
            "facultyid": "111728011",
            "authorid": 63649,
            "scholarlyactivityid": 15394
        }
    },
    "status": [
        {
            "id": 15394,
            "status": "Completed/Published",
            "term": "Fall",
            "year": 2004,
            "termid": "2004/02",
            "listingorder": 6,
            "completionorder": 6
        }
    ],
    "userid": "111728011",
    "attachments": []
}