{
    "activityid": 15393,
    "fields": {
        "Type": "Presentation",
        "Title of Presentation": "Practicing richness in writing: Organization and guidance of writing activity in three urban classrooms ",
        "Conference/Meeting Name": "annual meeting of the American Educational Research Association ",
        "Conference Location": "San Diego, CA",
        "Date or Date Range": "2004-12-31",
        "Actual/Projected Year of Publication/Presentation": 2004,
        "Sponsoring Organization": "American Educational Research Association ",
        "Presenter(s)": null,
        "Web Address": "",
        "Description/Abstract": "",
        "Origin": "Other"
    },
    "facultyid": "111728011",
    "coauthors": {
        "63648": {
            "firstname": "Susan",
            "middleinitial": "",
            "lastname": "Martin",
            "percentcontribution": "0",
            "sameschoolflag": 1,
            "facultyid": "111728011",
            "authorid": 63648,
            "scholarlyactivityid": 15393
        }
    },
    "status": [
        {
            "id": 15393,
            "status": "Completed/Published",
            "term": "Fall",
            "year": 2004,
            "termid": "2004/02",
            "listingorder": 6,
            "completionorder": 6
        }
    ],
    "userid": "111728011",
    "attachments": []
}