{
    "activityid": 15390,
    "fields": {
        "Type": "Presentation",
        "Title of Presentation": "What we've learned about &quot;teaching for the test&quot; through collaborative practice and self-study ",
        "Conference/Meeting Name": "biennial conference of the AERA special interest group, Self-Study of Teacher Education Practices ",
        "Conference Location": "Herstmonceux, England ",
        "Date or Date Range": "2006-12-31",
        "Actual/Projected Year of Publication/Presentation": 2006,
        "Sponsoring Organization": " AERA special interest group, Self-Study of Teacher Education Practices ",
        "Presenter(s)": null,
        "Web Address": "",
        "Description/Abstract": "",
        "Origin": "Other"
    },
    "facultyid": "111728011",
    "coauthors": {
        "63643": {
            "firstname": "Susan",
            "middleinitial": "",
            "lastname": "Martin",
            "percentcontribution": "0",
            "sameschoolflag": 1,
            "facultyid": "111728011",
            "authorid": 63643,
            "scholarlyactivityid": 15390
        },
        "63644": {
            "firstname": "M",
            "middleinitial": "",
            "lastname": "Cahill",
            "percentcontribution": "0",
            "sameschoolflag": 1,
            "facultyid": "111686001",
            "authorid": 63644,
            "scholarlyactivityid": 15390
        }
    },
    "status": [
        {
            "id": 15390,
            "status": "Completed/Published",
            "term": "Fall",
            "year": 2006,
            "termid": "2006/02",
            "listingorder": 6,
            "completionorder": 6
        }
    ],
    "userid": "111728011",
    "attachments": []
}