{
    "activityid": 15408,
    "fields": {
        "Type": "Presentation",
        "Title of Presentation": "How learning feels: An action research case study learning in the context of an aerobics class",
        "Conference/Meeting Name": "24th Annual Conference of the Research on Women and Education SIG, American Education Research Association ",
        "Conference Location": "Lansing, MI",
        "Date or Date Range": "1998-12-31",
        "Actual/Projected Year of Publication/Presentation": 1998,
        "Sponsoring Organization": "American Education Research Association ",
        "Presenter(s)": null,
        "Web Address": "",
        "Description/Abstract": "",
        "Origin": "Other"
    },
    "facultyid": "111728011",
    "coauthors": {
        "63680": {
            "firstname": "Susan",
            "middleinitial": "",
            "lastname": "Martin",
            "percentcontribution": "0",
            "sameschoolflag": 1,
            "facultyid": "111728011",
            "authorid": 63680,
            "scholarlyactivityid": 15408
        }
    },
    "status": [
        {
            "id": 15408,
            "status": "Completed/Published",
            "term": "Fall",
            "year": 1998,
            "termid": "1998/02",
            "listingorder": 6,
            "completionorder": 6
        }
    ],
    "userid": "111728011",
    "attachments": []
}