{
    "activityid": 15407,
    "fields": {
        "Type": "Presentation",
        "Title of Presentation": "Doing and discussing literacy: Using learning centers in a reading methods course",
        "Conference/Meeting Name": "Annual National Reading Conference",
        "Conference Location": "Albuquerque, NM",
        "Date or Date Range": "2009-12-31",
        "Actual/Projected Year of Publication/Presentation": 2009,
        "Sponsoring Organization": "Annual National Reading Coference ",
        "Presenter(s)": null,
        "Web Address": "",
        "Description/Abstract": "Presentation in a session focused on current practices used by literacy teacher educators ",
        "Origin": "Other"
    },
    "facultyid": "111728011",
    "coauthors": {
        "63679": {
            "firstname": "Susan",
            "middleinitial": "",
            "lastname": "Martin",
            "percentcontribution": "0",
            "sameschoolflag": 1,
            "facultyid": "111728011",
            "authorid": 63679,
            "scholarlyactivityid": 15407
        }
    },
    "status": [
        {
            "id": 15407,
            "status": "Completed/Published",
            "term": "Fall",
            "year": 2009,
            "termid": "2009/02",
            "listingorder": 6,
            "completionorder": 6
        }
    ],
    "userid": "111728011",
    "attachments": []
}