{
    "activityid": 15403,
    "fields": {
        "Type": "Presentation",
        "Title of Presentation": "Composing and Decomposing: Understanding the Complexities of the Writing Process through Visual Representations. Interactive Session in Promising Practices in Literacy Teacher Education: Researchers of Literacy Teacher Education Share Best Practices ",
        "Conference/Meeting Name": "annual conference of the Literacy Research Association ",
        "Conference Location": "San Diego, CA",
        "Date or Date Range": "2012-12-31",
        "Actual/Projected Year of Publication/Presentation": 2012,
        "Sponsoring Organization": "Literacy Research Association ",
        "Presenter(s)": null,
        "Web Address": "",
        "Description/Abstract": "",
        "Origin": "Other"
    },
    "facultyid": "111728011",
    "coauthors": {
        "63668": {
            "firstname": "Susan",
            "middleinitial": "",
            "lastname": "Martin",
            "percentcontribution": "0",
            "sameschoolflag": 1,
            "facultyid": "111728011",
            "authorid": 63668,
            "scholarlyactivityid": 15403
        },
        "63669": {
            "firstname": "S",
            "middleinitial": "",
            "lastname": "Dismuke ",
            "percentcontribution": "0",
            "sameschoolflag": 0,
            "facultyid": null,
            "authorid": 63669,
            "scholarlyactivityid": 15403
        }
    },
    "status": [
        {
            "id": 15403,
            "status": "Completed/Published",
            "term": "Fall",
            "year": 2012,
            "termid": "2012/02",
            "listingorder": 6,
            "completionorder": 6
        }
    ],
    "userid": "111728011",
    "attachments": []
}