{
    "activityid": 15400,
    "fields": {
        "Type": "Presentation",
        "Title of Presentation": "Transitions into teaching: The paths of beginning elementary teachers",
        "Conference/Meeting Name": "National Reading Conference ",
        "Conference Location": "Orlando, FL",
        "Date or Date Range": "1999-12-31",
        "Actual/Projected Year of Publication/Presentation": 1999,
        "Sponsoring Organization": "National Reading Conference",
        "Presenter(s)": null,
        "Web Address": "",
        "Description/Abstract": "",
        "Origin": "Other"
    },
    "facultyid": "111728011",
    "coauthors": {
        "63663": {
            "firstname": "S",
            "middleinitial": "",
            "lastname": "Valencia",
            "percentcontribution": "0",
            "sameschoolflag": 0,
            "facultyid": null,
            "authorid": 63663,
            "scholarlyactivityid": 15400
        },
        "63664": {
            "firstname": "Susan",
            "middleinitial": "",
            "lastname": "Martin",
            "percentcontribution": "0",
            "sameschoolflag": 1,
            "facultyid": "111728011",
            "authorid": 63664,
            "scholarlyactivityid": 15400
        },
        "63665": {
            "firstname": "N",
            "middleinitial": "",
            "lastname": "Place",
            "percentcontribution": "0",
            "sameschoolflag": 0,
            "facultyid": null,
            "authorid": 63665,
            "scholarlyactivityid": 15400
        }
    },
    "status": [
        {
            "id": 15400,
            "status": "Completed/Published",
            "term": "Fall",
            "year": 1999,
            "termid": "1999/02",
            "listingorder": 6,
            "completionorder": 6
        }
    ],
    "userid": "111728011",
    "attachments": []
}