{
    "activityid": 15402,
    "fields": {
        "Type": "Poster Presentation",
        "Title of Presentation": "Teaching and learning in units of study; Writing activity in three urban classrooms ",
        "Conference / Meeting Name": "annual meeting of the International Reading Association ",
        "Conference Location": "Reno, NV",
        "Date or Date Range": "2004-12-31",
        "Actual/Projected Year of Publication/Presentation": 2004,
        "Sponsoring Organization": "International Reading Association ",
        "Presenter(s)": null,
        "Web Address": "",
        "Description/Abstract": "",
        "Origin": "Other"
    },
    "facultyid": "111728011",
    "coauthors": {
        "63667": {
            "firstname": "Susan",
            "middleinitial": "",
            "lastname": "Martin",
            "percentcontribution": "0",
            "sameschoolflag": 1,
            "facultyid": "111728011",
            "authorid": 63667,
            "scholarlyactivityid": 15402
        }
    },
    "status": [
        {
            "id": 15402,
            "status": "Completed/Published",
            "term": "Fall",
            "year": 2004,
            "termid": "2004/02",
            "listingorder": 6,
            "completionorder": 6
        }
    ],
    "userid": "111728011",
    "attachments": []
}