{
    "activityid": 15406,
    "fields": {
        "Type": "Presentation",
        "Title of Presentation": "Telling the story of a teacher education shared leadership team: Insights, challenges and connections to Outcomes",
        "Conference/Meeting Name": "annual meeting of the American Association for College of Teacher Education ",
        "Conference Location": "San Diego, CA",
        "Date or Date Range": "2011-12-31",
        "Actual/Projected Year of Publication/Presentation": 2011,
        "Sponsoring Organization": "American Association for Colleges of Teacher Education ",
        "Presenter(s)": null,
        "Web Address": "",
        "Description/Abstract": "",
        "Origin": "Other"
    },
    "facultyid": "111728011",
    "coauthors": {
        "63674": {
            "firstname": "J",
            "middleinitial": "",
            "lastname": "Snow",
            "percentcontribution": "0",
            "sameschoolflag": 1,
            "facultyid": "112002071",
            "authorid": 63674,
            "scholarlyactivityid": 15406
        },
        "63675": {
            "firstname": "Susan",
            "middleinitial": "",
            "lastname": "Martin",
            "percentcontribution": "0",
            "sameschoolflag": 1,
            "facultyid": "111728011",
            "authorid": 63675,
            "scholarlyactivityid": 15406
        },
        "63676": {
            "firstname": "R",
            "middleinitial": "",
            "lastname": "Osguthorpe",
            "percentcontribution": "0",
            "sameschoolflag": 1,
            "facultyid": "112055930",
            "authorid": 63676,
            "scholarlyactivityid": 15406
        },
        "63677": {
            "firstname": "K",
            "middleinitial": "",
            "lastname": "Coll",
            "percentcontribution": "0",
            "sameschoolflag": 1,
            "facultyid": "111112183",
            "authorid": 63677,
            "scholarlyactivityid": 15406
        },
        "63678": {
            "firstname": "D",
            "middleinitial": "",
            "lastname": "Boothe",
            "percentcontribution": "0",
            "sameschoolflag": 1,
            "facultyid": "112054227",
            "authorid": 63678,
            "scholarlyactivityid": 15406
        }
    },
    "status": [
        {
            "id": 15406,
            "status": "Completed/Published",
            "term": "Fall",
            "year": 2011,
            "termid": "2011/02",
            "listingorder": 6,
            "completionorder": 6
        }
    ],
    "userid": "111728011",
    "attachments": []
}