{
    "activityid": 15413,
    "fields": {
        "Type": "Presentation",
        "Title of Presentation": "Beyond the test: Writing to the prompt as a unit of study ",
        "Conference/Meeting Name": "joint annual conference of the Idaho Council of Teachers of English and the Idaho Chapter of the International Reading Association ",
        "Conference Location": "Boise, ID",
        "Date or Date Range": "2009-12-31",
        "Actual/Projected Year of Publication/Presentation": 2009,
        "Sponsoring Organization": "Idaho Council of Teachers of English and the Idaho Chapter of the International Reading Association",
        "Presenter(s)": null,
        "Web Address": "",
        "Description/Abstract": "",
        "Origin": "Other"
    },
    "facultyid": "111728011",
    "coauthors": {
        "63689": {
            "firstname": "Susan",
            "middleinitial": "",
            "lastname": "Martin",
            "percentcontribution": "0",
            "sameschoolflag": 1,
            "facultyid": "111728011",
            "authorid": 63689,
            "scholarlyactivityid": 15413
        }
    },
    "status": [
        {
            "id": 15413,
            "status": "Completed/Published",
            "term": "Fall",
            "year": 2009,
            "termid": "2009/02",
            "listingorder": 6,
            "completionorder": 6
        }
    ],
    "userid": "111728011",
    "attachments": []
}