{
    "activityid": 15412,
    "fields": {
        "Type": "Presentation",
        "Title of Presentation": "Focus on Writing ",
        "Conference/Meeting Name": "faculty workshop at Trail Winds Elementary School",
        "Conference Location": "Boise, ID",
        "Date or Date Range": "2009-12-31",
        "Actual/Projected Year of Publication/Presentation": 2009,
        "Sponsoring Organization": "Trail Winds Elementary School",
        "Presenter(s)": null,
        "Web Address": "",
        "Description/Abstract": "",
        "Origin": "Other"
    },
    "facultyid": "111728011",
    "coauthors": {
        "63688": {
            "firstname": "Susan",
            "middleinitial": "",
            "lastname": "Martin",
            "percentcontribution": "0",
            "sameschoolflag": 1,
            "facultyid": "111728011",
            "authorid": 63688,
            "scholarlyactivityid": 15412
        }
    },
    "status": [
        {
            "id": 15412,
            "status": "Completed/Published",
            "term": "Fall",
            "year": 2009,
            "termid": "2009/02",
            "listingorder": 6,
            "completionorder": 6
        }
    ],
    "userid": "111728011",
    "attachments": []
}