{
    "activityid": 15416,
    "fields": {
        "Type": "Presentation",
        "Title of Presentation": "Reading, writing, and presenting poetry for two voices",
        "Conference/Meeting Name": "Idaho Conference of the International Reading Association ",
        "Conference Location": "Boise, ID",
        "Date or Date Range": "2006-12-31",
        "Actual/Projected Year of Publication/Presentation": 2006,
        "Sponsoring Organization": "International Reading Association ",
        "Presenter(s)": null,
        "Web Address": "",
        "Description/Abstract": "",
        "Origin": "Other"
    },
    "facultyid": "111728011",
    "coauthors": {
        "63693": {
            "firstname": "Susan",
            "middleinitial": "",
            "lastname": "Martin",
            "percentcontribution": "0",
            "sameschoolflag": 1,
            "facultyid": "111728011",
            "authorid": 63693,
            "scholarlyactivityid": 15416
        },
        "63694": {
            "firstname": "R",
            "middleinitial": "",
            "lastname": "Palmer",
            "percentcontribution": "0",
            "sameschoolflag": 0,
            "facultyid": null,
            "authorid": 63694,
            "scholarlyactivityid": 15416
        }
    },
    "status": [
        {
            "id": 15416,
            "status": "Completed/Published",
            "term": "Fall",
            "year": 2006,
            "termid": "2006/02",
            "listingorder": 6,
            "completionorder": 6
        }
    ],
    "userid": "111728011",
    "attachments": []
}