{
    "activityid": 15410,
    "fields": {
        "Type": "Presentation",
        "Title of Presentation": "Becoming a teacher: The role of subject matter and setting",
        "Conference/Meeting Name": "annual meeting of the American Education Research Association ",
        "Conference Location": "Montreal, Canada",
        "Date or Date Range": "1999-12-31",
        "Actual/Projected Year of Publication/Presentation": 1999,
        "Sponsoring Organization": "American Education Research Association ",
        "Presenter(s)": null,
        "Web Address": "",
        "Description/Abstract": "interactive symposium at the annual meeting of the American Education Research Association ",
        "Origin": "Other"
    },
    "facultyid": "111728011",
    "coauthors": {
        "63683": {
            "firstname": "P",
            "middleinitial": "",
            "lastname": "Grossman",
            "percentcontribution": "0",
            "sameschoolflag": 0,
            "facultyid": null,
            "authorid": 63683,
            "scholarlyactivityid": 15410
        },
        "63684": {
            "firstname": "S",
            "middleinitial": "",
            "lastname": "Valencia",
            "percentcontribution": "0",
            "sameschoolflag": 0,
            "facultyid": null,
            "authorid": 63684,
            "scholarlyactivityid": 15410
        },
        "63685": {
            "firstname": "Susan",
            "middleinitial": "",
            "lastname": "Martin",
            "percentcontribution": "0",
            "sameschoolflag": 1,
            "facultyid": "111728011",
            "authorid": 63685,
            "scholarlyactivityid": 15410
        }
    },
    "status": [
        {
            "id": 15410,
            "status": "Completed/Published",
            "term": "Fall",
            "year": 1999,
            "termid": "1999/02",
            "listingorder": 6,
            "completionorder": 6
        }
    ],
    "userid": "111728011",
    "attachments": []
}