{
    "activityid": 15417,
    "fields": {
        "Type": "Presentation",
        "Title of Presentation": "Planning and implementing writing units ",
        "Conference/Meeting Name": "annual conference of the Idaho Council of Teachers in English",
        "Conference Location": "Boise, ID",
        "Date or Date Range": "2003-12-31",
        "Actual/Projected Year of Publication/Presentation": 2003,
        "Sponsoring Organization": " Idaho Council Teachers of English",
        "Presenter(s)": null,
        "Web Address": "",
        "Description/Abstract": "",
        "Origin": "Other"
    },
    "facultyid": "111728011",
    "coauthors": {
        "63695": {
            "firstname": "Susan",
            "middleinitial": "",
            "lastname": "Martin",
            "percentcontribution": "0",
            "sameschoolflag": 1,
            "facultyid": "111728011",
            "authorid": 63695,
            "scholarlyactivityid": 15417
        }
    },
    "status": [
        {
            "id": 15417,
            "status": "Completed/Published",
            "term": "Fall",
            "year": 2003,
            "termid": "2003/02",
            "listingorder": 6,
            "completionorder": 6
        }
    ],
    "userid": "111728011",
    "attachments": []
}