{
    "activityid": 15421,
    "fields": {
        "Type": "Presentation",
        "Title of Presentation": "Reading in the content areas, vocabulary development, and process writing",
        "Conference/Meeting Name": "Division of Isabela Provincial Human Resource Development Program ",
        "Conference Location": "Illagan, Isabela, Philippines ",
        "Date or Date Range": "1995-12-31",
        "Actual/Projected Year of Publication/Presentation": 1995,
        "Sponsoring Organization": "Divison of Isabela Provincial Huam Resource Development Program ",
        "Presenter(s)": null,
        "Web Address": "",
        "Description/Abstract": "",
        "Origin": "Other"
    },
    "facultyid": "111728011",
    "coauthors": {
        "63700": {
            "firstname": "Susan",
            "middleinitial": "",
            "lastname": "Martin",
            "percentcontribution": "0",
            "sameschoolflag": 1,
            "facultyid": "111728011",
            "authorid": 63700,
            "scholarlyactivityid": 15421
        }
    },
    "status": [
        {
            "id": 15421,
            "status": "Completed/Published",
            "term": "Fall",
            "year": 1995,
            "termid": "1995/02",
            "listingorder": 6,
            "completionorder": 6
        }
    ],
    "userid": "111728011",
    "attachments": []
}