{
    "activityid": 15519,
    "fields": {
        "Type": "Presentation",
        "Title of Presentation": "Collaboration and Research on Women",
        "Conference/Meeting Name": "Western Regional Conference",
        "Conference Location": "Los Angeles, CA",
        "Date or Date Range": "2011-10-14",
        "Actual/Projected Year of Publication/Presentation": 2011,
        "Sponsoring Organization": "National Council for Research on Women",
        "Presenter(s)": null,
        "Web Address": "",
        "Description/Abstract": "Panel Co-Chair and Session facilitator",
        "Origin": "Other"
    },
    "facultyid": "111669995",
    "coauthors": {
        "63883": {
            "firstname": "Lisa",
            "middleinitial": "",
            "lastname": "McClain",
            "percentcontribution": "0",
            "sameschoolflag": 1,
            "facultyid": "111669995",
            "authorid": 63883,
            "scholarlyactivityid": 15519
        }
    },
    "status": [
        {
            "id": 15519,
            "status": "Completed/Published",
            "term": "Fall",
            "year": 2011,
            "termid": "2011/02",
            "listingorder": 6,
            "completionorder": 6
        }
    ],
    "userid": "111669995",
    "attachments": []
}