{
    "activityid": 15516,
    "fields": {
        "Type": "Presentation",
        "Title of Presentation": "Elizabeth Cellier and Transformations in English Catholic Women's Piety",
        "Conference/Meeting Name": "Pacific Coast Conference on British Studies",
        "Conference Location": "Huntington Library, San Marino California",
        "Date or Date Range": "2012-03-11",
        "Actual/Projected Year of Publication/Presentation": 2012,
        "Sponsoring Organization": "North American Conference on British Studies",
        "Presenter(s)": null,
        "Web Address": "",
        "Description/Abstract": "",
        "Origin": "Other"
    },
    "facultyid": "111669995",
    "coauthors": {
        "63880": {
            "firstname": "Lisa",
            "middleinitial": "",
            "lastname": "McClain",
            "percentcontribution": "0",
            "sameschoolflag": 1,
            "facultyid": "111669995",
            "authorid": 63880,
            "scholarlyactivityid": 15516
        }
    },
    "status": [
        {
            "id": 15516,
            "status": "Completed/Published",
            "term": "Spring",
            "year": 2012,
            "termid": "2011/03",
            "listingorder": 6,
            "completionorder": 6
        }
    ],
    "userid": "111669995",
    "attachments": []
}