{
    "activityid": 15514,
    "fields": {
        "Type": "Presentation",
        "Title of Presentation": "&quot;Performing the Apostolic Mission: Mary Ward and the English Ladies Challenge to the Catholic Priesthood in Tudor-Stuart England&quot;",
        "Conference/Meeting Name": "Group for Early Modern Studies",
        "Conference Location": "Boise",
        "Date or Date Range": "2014-03-07",
        "Actual/Projected Year of Publication/Presentation": 2014,
        "Sponsoring Organization": "Group for Early Modern Studies",
        "Presenter(s)": null,
        "Web Address": "",
        "Description/Abstract": "",
        "Origin": "Other"
    },
    "facultyid": "111669995",
    "coauthors": {
        "63878": {
            "firstname": "Lisa",
            "middleinitial": "",
            "lastname": "McClain",
            "percentcontribution": "0",
            "sameschoolflag": 1,
            "facultyid": "111669995",
            "authorid": 63878,
            "scholarlyactivityid": 15514
        }
    },
    "status": [
        {
            "id": 15514,
            "status": "Completed/Published",
            "term": "Spring",
            "year": 2014,
            "termid": "2013/03",
            "listingorder": 6,
            "completionorder": 6
        }
    ],
    "userid": "111669995",
    "attachments": []
}