{
    "activityid": 15518,
    "fields": {
        "Type": "Presentation",
        "Title of Presentation": "Penance, the Body and the Believer",
        "Conference/Meeting Name": "Group for Early Modern Studies Symposium",
        "Conference Location": "Boise State University",
        "Date or Date Range": "2011-02-25",
        "Actual/Projected Year of Publication/Presentation": 2011,
        "Sponsoring Organization": "Boise State University Group for Early Modern Studies",
        "Presenter(s)": null,
        "Web Address": "",
        "Description/Abstract": "",
        "Origin": "Other"
    },
    "facultyid": "111669995",
    "coauthors": {
        "63882": {
            "firstname": "Lisa",
            "middleinitial": "",
            "lastname": "McClain",
            "percentcontribution": "0",
            "sameschoolflag": 1,
            "facultyid": "111669995",
            "authorid": 63882,
            "scholarlyactivityid": 15518
        }
    },
    "status": [
        {
            "id": 15518,
            "status": "Completed/Published",
            "term": "Spring",
            "year": 2011,
            "termid": "2010/03",
            "listingorder": 6,
            "completionorder": 6
        }
    ],
    "userid": "111669995",
    "attachments": []
}