{
    "activityid": 15517,
    "fields": {
        "Type": "Presentation",
        "Title of Presentation": "&quot;Re-negotiating the Rules: Elizabeth Cary, Viscountess Falkland, and Intersections of Religion and Gender in Early Modern England&quot;",
        "Conference/Meeting Name": "Pacific Coast Conference on British Studies Annual Conference",
        "Conference Location": "Seattle, WA",
        "Date or Date Range": "2011-03-12",
        "Actual/Projected Year of Publication/Presentation": 2011,
        "Sponsoring Organization": "PCCBS",
        "Presenter(s)": null,
        "Web Address": "",
        "Description/Abstract": "",
        "Origin": "Other"
    },
    "facultyid": "111669995",
    "coauthors": {
        "63881": {
            "firstname": "Lisa",
            "middleinitial": "",
            "lastname": "McClain",
            "percentcontribution": "0",
            "sameschoolflag": 1,
            "facultyid": "111669995",
            "authorid": 63881,
            "scholarlyactivityid": 15517
        }
    },
    "status": [
        {
            "id": 15517,
            "status": "Completed/Published",
            "term": "Spring",
            "year": 2011,
            "termid": "2010/03",
            "listingorder": 6,
            "completionorder": 6
        }
    ],
    "userid": "111669995",
    "attachments": []
}