{
    "activityid": 15513,
    "fields": {
        "Type": "Presentation",
        "Title of Presentation": "\u201cFamily Conflicts: Jesuits, Marriage, and the Family during the English Mission&quot;",
        "Conference/Meeting Name": "The Sixteenth Century Studies Conference",
        "Conference Location": "Vancouver, BC, Canada",
        "Date or Date Range": "2015-10-24",
        "Actual/Projected Year of Publication/Presentation": 2015,
        "Sponsoring Organization": "Sixteenth Century Society",
        "Presenter(s)": null,
        "Web Address": "",
        "Description/Abstract": "",
        "Origin": "Other"
    },
    "facultyid": "111669995",
    "coauthors": {
        "63877": {
            "firstname": "Lisa",
            "middleinitial": "",
            "lastname": "McClain",
            "percentcontribution": "0",
            "sameschoolflag": 1,
            "facultyid": "111669995",
            "authorid": 63877,
            "scholarlyactivityid": 15513
        }
    },
    "status": [
        {
            "id": 15513,
            "status": "Completed/Published",
            "term": "Fall",
            "year": 2015,
            "termid": "2015/02",
            "listingorder": 6,
            "completionorder": 6
        }
    ],
    "userid": "111669995",
    "attachments": []
}