{
    "activityid": 15568,
    "fields": {
        "Type": "Presentation",
        "Title of Presentation": "Second year evaluation of the Clinical Services Program",
        "Conference/Meeting Name": "Idaho Juvenile Justice Association",
        "Conference Location": "Mariott Hotel, Meridian ID",
        "Date or Date Range": "2010-02-28",
        "Actual/Projected Year of Publication/Presentation": 2010,
        "Sponsoring Organization": "Idaho Juvenile Justice Association",
        "Presenter(s)": null,
        "Web Address": "",
        "Description/Abstract": "Described the findings from the second-year evaluation of the Idaho Department of Juvenile Corrections' Clinical Services Program.",
        "Origin": "Other"
    },
    "facultyid": "111669855",
    "coauthors": {
        "63966": {
            "firstname": "Theodore",
            "middleinitial": "",
            "lastname": "McDonald",
            "percentcontribution": "0",
            "sameschoolflag": 1,
            "facultyid": "111669855",
            "authorid": 63966,
            "scholarlyactivityid": 15568
        },
        "63967": {
            "firstname": "Linda",
            "middleinitial": "Sue",
            "lastname": "Osgood",
            "percentcontribution": "0",
            "sameschoolflag": 1,
            "facultyid": "111319414",
            "authorid": 63967,
            "scholarlyactivityid": 15568
        },
        "63968": {
            "firstname": "Emily",
            "middleinitial": "M.",
            "lastname": "VanNess",
            "percentcontribution": "0",
            "sameschoolflag": 0,
            "facultyid": null,
            "authorid": 63968,
            "scholarlyactivityid": 15568
        }
    },
    "status": [
        {
            "id": 15568,
            "status": "Completed/Published",
            "term": "Spring",
            "year": 2010,
            "termid": "2009/03",
            "listingorder": 6,
            "completionorder": 6
        }
    ],
    "userid": "111669855",
    "attachments": []
}