{
    "activityid": 15567,
    "fields": {
        "Type": "Presentation",
        "Title of Presentation": "Fourth Year Evaluation of the Clinical Services Program",
        "Conference/Meeting Name": "Idaho Juvenile Justice Commission",
        "Conference Location": "Boise Hotel and Convention Center, Boise, ID",
        "Date or Date Range": "2012-03-31",
        "Actual/Projected Year of Publication/Presentation": 2012,
        "Sponsoring Organization": "Idaho Juvenile Justice Commission",
        "Presenter(s)": null,
        "Web Address": "",
        "Description/Abstract": "",
        "Origin": "Other"
    },
    "facultyid": "111669855",
    "coauthors": {
        "63963": {
            "firstname": "Theodore",
            "middleinitial": "",
            "lastname": "McDonald",
            "percentcontribution": "0",
            "sameschoolflag": 1,
            "facultyid": "111669855",
            "authorid": 63963,
            "scholarlyactivityid": 15567
        },
        "63964": {
            "firstname": "Sandina",
            "middleinitial": "",
            "lastname": "Begic",
            "percentcontribution": "0",
            "sameschoolflag": 0,
            "facultyid": null,
            "authorid": 63964,
            "scholarlyactivityid": 15567
        },
        "63965": {
            "firstname": "Elsa",
            "middleinitial": "K. M.",
            "lastname": "Howard",
            "percentcontribution": "0",
            "sameschoolflag": 0,
            "facultyid": null,
            "authorid": 63965,
            "scholarlyactivityid": 15567
        }
    },
    "status": [
        {
            "id": 15567,
            "status": "Completed/Published",
            "term": "Spring",
            "year": 2012,
            "termid": "2011/03",
            "listingorder": 6,
            "completionorder": 6
        }
    ],
    "userid": "111669855",
    "attachments": []
}