{
    "activityid": 15573,
    "fields": {
        "Type": "Presentation",
        "Title of Presentation": "Idaho Adults' Perceptions of Underage Drinking",
        "Conference/Meeting Name": "5th Annual Northwest Alcohol Conference",
        "Conference Location": "Boise, ID",
        "Date or Date Range": "2012-07-31",
        "Actual/Projected Year of Publication/Presentation": 2012,
        "Sponsoring Organization": "",
        "Presenter(s)": null,
        "Web Address": "",
        "Description/Abstract": "",
        "Origin": "Other"
    },
    "facultyid": "111669855",
    "coauthors": {
        "63977": {
            "firstname": "Theodore",
            "middleinitial": "",
            "lastname": "McDonald",
            "percentcontribution": "0",
            "sameschoolflag": 1,
            "facultyid": "111669855",
            "authorid": 63977,
            "scholarlyactivityid": 15573
        },
        "63978": {
            "firstname": "Sandina",
            "middleinitial": "",
            "lastname": "Begic",
            "percentcontribution": "0",
            "sameschoolflag": 0,
            "facultyid": null,
            "authorid": 63978,
            "scholarlyactivityid": 15573
        }
    },
    "status": [
        {
            "id": 15573,
            "status": "Completed/Published",
            "term": "Summer",
            "year": 2012,
            "termid": "2012/01",
            "listingorder": 6,
            "completionorder": 6
        }
    ],
    "userid": "111669855",
    "attachments": []
}