{
    "activityid": 15579,
    "fields": {
        "Type": "Presentation",
        "Title of Presentation": "Third year evaluation of the Clinical Services program",
        "Conference/Meeting Name": "Idaho Criminal Justice Commission",
        "Conference Location": "Park Plaza Building, Boise, ID",
        "Date or Date Range": "2011-02-28",
        "Actual/Projected Year of Publication/Presentation": 2011,
        "Sponsoring Organization": "Idaho Criminal Justice Commission",
        "Presenter(s)": null,
        "Web Address": "",
        "Description/Abstract": "This presentation covered the results of the third year evaluation of the Idaho Department of Juvenile Correction's Clinical Services program.",
        "Origin": "Other"
    },
    "facultyid": "111669855",
    "coauthors": {
        "63987": {
            "firstname": "Theodore",
            "middleinitial": "",
            "lastname": "McDonald",
            "percentcontribution": "0",
            "sameschoolflag": 1,
            "facultyid": "111669855",
            "authorid": 63987,
            "scholarlyactivityid": 15579
        },
        "63988": {
            "firstname": "Alexander",
            "middleinitial": "A",
            "lastname": "Theiler",
            "percentcontribution": "0",
            "sameschoolflag": 0,
            "facultyid": null,
            "authorid": 63988,
            "scholarlyactivityid": 15579
        }
    },
    "status": [
        {
            "id": 15579,
            "status": "Completed/Published",
            "term": "Spring",
            "year": 2011,
            "termid": "2010/03",
            "listingorder": 6,
            "completionorder": 6
        }
    ],
    "userid": "111669855",
    "attachments": []
}