{
    "activityid": 15574,
    "fields": {
        "Type": "Presentation",
        "Title of Presentation": "Mental Health and Substance Abuse Problems in Detained Idaho Youth",
        "Conference/Meeting Name": "New Directions in Family Health in Idaho",
        "Conference Location": "Boise State University",
        "Date or Date Range": "2012-03-31",
        "Actual/Projected Year of Publication/Presentation": 2012,
        "Sponsoring Organization": "Family Studies Initiative, Boise State University",
        "Presenter(s)": null,
        "Web Address": "",
        "Description/Abstract": "",
        "Origin": "Other"
    },
    "facultyid": "111669855",
    "coauthors": {
        "63979": {
            "firstname": "Theodore",
            "middleinitial": "",
            "lastname": "McDonald",
            "percentcontribution": "0",
            "sameschoolflag": 1,
            "facultyid": "111669855",
            "authorid": 63979,
            "scholarlyactivityid": 15574
        }
    },
    "status": [
        {
            "id": 15574,
            "status": "Completed/Published",
            "term": "Spring",
            "year": 2012,
            "termid": "2011/03",
            "listingorder": 6,
            "completionorder": 6
        }
    ],
    "userid": "111669855",
    "attachments": []
}