{
    "activityid": 15578,
    "fields": {
        "Type": "Presentation",
        "Title of Presentation": "Third year evaluation of the Clinical Services program",
        "Conference/Meeting Name": "Idaho Juvenile Justice Commission",
        "Conference Location": "Grove Hotel, Boise",
        "Date or Date Range": "2011-03-31",
        "Actual/Projected Year of Publication/Presentation": 2011,
        "Sponsoring Organization": "Idaho Juvenile Justice Commission",
        "Presenter(s)": null,
        "Web Address": "",
        "Description/Abstract": "This presentation covered the results of the third year evaluation of the Idaho Department of Juvenile Correction's Clinical Services program.",
        "Origin": "Other"
    },
    "facultyid": "111669855",
    "coauthors": {
        "63985": {
            "firstname": "Theodore",
            "middleinitial": "",
            "lastname": "McDonald",
            "percentcontribution": "0",
            "sameschoolflag": 1,
            "facultyid": "111669855",
            "authorid": 63985,
            "scholarlyactivityid": 15578
        },
        "63986": {
            "firstname": "Alexander",
            "middleinitial": "A",
            "lastname": "Theiler",
            "percentcontribution": "0",
            "sameschoolflag": 0,
            "facultyid": null,
            "authorid": 63986,
            "scholarlyactivityid": 15578
        }
    },
    "status": [
        {
            "id": 15578,
            "status": "Completed/Published",
            "term": "Spring",
            "year": 2011,
            "termid": "2010/03",
            "listingorder": 6,
            "completionorder": 6
        }
    ],
    "userid": "111669855",
    "attachments": []
}