{
    "activityid": 15572,
    "fields": {
        "Type": "Presentation",
        "Title of Presentation": "Mental Health Screening in Idaho's Juvenile Detention Centers: Results of a Four-Year Evaluation",
        "Conference/Meeting Name": "Annual Meeting of the American Public Health Association",
        "Conference Location": "San Francisco, CA",
        "Date or Date Range": "2012-10-31",
        "Actual/Projected Year of Publication/Presentation": 2012,
        "Sponsoring Organization": "",
        "Presenter(s)": null,
        "Web Address": "",
        "Description/Abstract": "",
        "Origin": "Other"
    },
    "facultyid": "111669855",
    "coauthors": {
        "63974": {
            "firstname": "Elsa",
            "middleinitial": "K. M. ",
            "lastname": "Howard",
            "percentcontribution": "0",
            "sameschoolflag": 0,
            "facultyid": null,
            "authorid": 63974,
            "scholarlyactivityid": 15572
        },
        "63975": {
            "firstname": "Theodore",
            "middleinitial": "",
            "lastname": "McDonald",
            "percentcontribution": "0",
            "sameschoolflag": 1,
            "facultyid": "111669855",
            "authorid": 63975,
            "scholarlyactivityid": 15572
        },
        "63976": {
            "firstname": "Sandina",
            "middleinitial": "",
            "lastname": "Begic",
            "percentcontribution": "0",
            "sameschoolflag": 0,
            "facultyid": null,
            "authorid": 63976,
            "scholarlyactivityid": 15572
        }
    },
    "status": [
        {
            "id": 15572,
            "status": "Completed/Published",
            "term": "Fall",
            "year": 2012,
            "termid": "2012/02",
            "listingorder": 6,
            "completionorder": 6
        }
    ],
    "userid": "111669855",
    "attachments": []
}