{
    "activityid": 15570,
    "fields": {
        "Type": "Presentation",
        "Title of Presentation": "Natural disasters and mental health",
        "Conference/Meeting Name": "Japan Tsunami and Nuclear Disaster Workshop",
        "Conference Location": "Boise State University",
        "Date or Date Range": "2011-04-30",
        "Actual/Projected Year of Publication/Presentation": 2011,
        "Sponsoring Organization": "Boise State University",
        "Presenter(s)": null,
        "Web Address": "",
        "Description/Abstract": "Lecture discussed the identification, remediation, and treatment of mental health problems in victims of natural disasters.",
        "Origin": "Other"
    },
    "facultyid": "111669855",
    "coauthors": {
        "63970": {
            "firstname": "Theodore",
            "middleinitial": "",
            "lastname": "McDonald",
            "percentcontribution": "0",
            "sameschoolflag": 1,
            "facultyid": "111669855",
            "authorid": 63970,
            "scholarlyactivityid": 15570
        }
    },
    "status": [
        {
            "id": 15570,
            "status": "Completed/Published",
            "term": "Spring",
            "year": 2011,
            "termid": "2010/03",
            "listingorder": 6,
            "completionorder": 6
        }
    ],
    "userid": "111669855",
    "attachments": []
}