{
    "activityid": 15583,
    "fields": {
        "Type": "Poster Presentation",
        "Title of Presentation": "Influence of pH on Alkaloid Extraction Efficiency and Biological Activity from Veratrum californicum",
        "Conference / Meeting Name": "Idaho INBRE",
        "Conference Location": "Moscow Idaho",
        "Date or Date Range": "2013-08-04",
        "Actual/Projected Year of Publication/Presentation": 2013,
        "Sponsoring Organization": "",
        "Presenter(s)": null,
        "Web Address": "",
        "Description/Abstract": "",
        "Origin": "Other"
    },
    "facultyid": "112100122",
    "coauthors": {
        "63993": {
            "firstname": "Owen",
            "middleinitial": "Michael",
            "lastname": "McDougal",
            "percentcontribution": "0",
            "sameschoolflag": 1,
            "facultyid": "112100122",
            "authorid": 63993,
            "scholarlyactivityid": 15583
        },
        "63994": {
            "firstname": "Anna",
            "middleinitial": "",
            "lastname": "Nielsen",
            "percentcontribution": "0",
            "sameschoolflag": 0,
            "facultyid": null,
            "authorid": 63994,
            "scholarlyactivityid": 15583
        }
    },
    "status": [
        {
            "id": 15583,
            "status": "Completed/Published",
            "term": "Summer",
            "year": 2013,
            "termid": "2013/01",
            "listingorder": 6,
            "completionorder": 6
        }
    ],
    "userid": "112100122",
    "attachments": []
}