{
    "activityid": 15586,
    "fields": {
        "Type": "Poster Presentation",
        "Title of Presentation": "Cyclopamine Concentration from Extraction as a Function of pH",
        "Conference / Meeting Name": "The 10th annual URC",
        "Conference Location": "Boise, Id",
        "Date or Date Range": "2013-04-30",
        "Actual/Projected Year of Publication/Presentation": 2013,
        "Sponsoring Organization": "",
        "Presenter(s)": null,
        "Web Address": "",
        "Description/Abstract": "",
        "Origin": "Other"
    },
    "facultyid": "112100122",
    "coauthors": {
        "64002": {
            "firstname": "Petr",
            "middleinitial": "",
            "lastname": "Malek",
            "percentcontribution": "0",
            "sameschoolflag": 0,
            "facultyid": null,
            "authorid": 64002,
            "scholarlyactivityid": 15586
        },
        "64003": {
            "firstname": "Jared",
            "middleinitial": "",
            "lastname": "Mattos",
            "percentcontribution": "0",
            "sameschoolflag": 0,
            "facultyid": null,
            "authorid": 64003,
            "scholarlyactivityid": 15586
        },
        "64004": {
            "firstname": "Chris",
            "middleinitial": "",
            "lastname": "Chandler",
            "percentcontribution": "0",
            "sameschoolflag": 0,
            "facultyid": null,
            "authorid": 64004,
            "scholarlyactivityid": 15586
        },
        "64005": {
            "firstname": "Owen",
            "middleinitial": "Michael",
            "lastname": "McDougal",
            "percentcontribution": "0",
            "sameschoolflag": 1,
            "facultyid": "112100122",
            "authorid": 64005,
            "scholarlyactivityid": 15586
        }
    },
    "status": [
        {
            "id": 15586,
            "status": "Completed/Published",
            "term": "Spring",
            "year": 2013,
            "termid": "2012/03",
            "listingorder": 6,
            "completionorder": 6
        }
    ],
    "userid": "112100122",
    "attachments": []
}