{
    "activityid": 15588,
    "fields": {
        "Type": "Poster Presentation",
        "Title of Presentation": "Extraction and HPLC Separation of Alkaloids from Veratrum californicum",
        "Conference / Meeting Name": "LSAMP conference",
        "Conference Location": "Boise State University",
        "Date or Date Range": "2012-08-15",
        "Actual/Projected Year of Publication/Presentation": 2012,
        "Sponsoring Organization": "Boise State University",
        "Presenter(s)": null,
        "Web Address": "",
        "Description/Abstract": "",
        "Origin": "Other"
    },
    "facultyid": "112100122",
    "coauthors": {
        "64009": {
            "firstname": "Owen",
            "middleinitial": "Michael",
            "lastname": "McDougal",
            "percentcontribution": "0",
            "sameschoolflag": 1,
            "facultyid": "112100122",
            "authorid": 64009,
            "scholarlyactivityid": 15588
        },
        "64010": {
            "firstname": "Mayra",
            "middleinitial": "",
            "lastname": "Estrada",
            "percentcontribution": "0",
            "sameschoolflag": 0,
            "facultyid": null,
            "authorid": 64010,
            "scholarlyactivityid": 15588
        }
    },
    "status": [
        {
            "id": 15588,
            "status": "Completed/Published",
            "term": "Summer",
            "year": 2012,
            "termid": "2012/01",
            "listingorder": 6,
            "completionorder": 6
        }
    ],
    "userid": "112100122",
    "attachments": []
}