{
    "activityid": 15584,
    "fields": {
        "Type": "Poster Presentation",
        "Title of Presentation": "Improving Extraction and Separation Methods of Steroidal Alkaloids from V. californicum",
        "Conference / Meeting Name": "10th annual URC",
        "Conference Location": "Boise, ID",
        "Date or Date Range": "2013-04-30",
        "Actual/Projected Year of Publication/Presentation": 2013,
        "Sponsoring Organization": "",
        "Presenter(s)": null,
        "Web Address": "",
        "Description/Abstract": "",
        "Origin": "Other"
    },
    "facultyid": "112100122",
    "coauthors": {
        "63995": {
            "firstname": "Jared",
            "middleinitial": "",
            "lastname": "Mattos",
            "percentcontribution": "0",
            "sameschoolflag": 0,
            "facultyid": null,
            "authorid": 63995,
            "scholarlyactivityid": 15584
        },
        "63996": {
            "firstname": "Petr",
            "middleinitial": "",
            "lastname": "Malek",
            "percentcontribution": "0",
            "sameschoolflag": 0,
            "facultyid": null,
            "authorid": 63996,
            "scholarlyactivityid": 15584
        },
        "63997": {
            "firstname": "Chris",
            "middleinitial": "",
            "lastname": "Chandler",
            "percentcontribution": "0",
            "sameschoolflag": 0,
            "facultyid": null,
            "authorid": 63997,
            "scholarlyactivityid": 15584
        },
        "63998": {
            "firstname": "Owen",
            "middleinitial": "Michael",
            "lastname": "McDougal",
            "percentcontribution": "0",
            "sameschoolflag": 1,
            "facultyid": "112100122",
            "authorid": 63998,
            "scholarlyactivityid": 15584
        }
    },
    "status": [
        {
            "id": 15584,
            "status": "Completed/Published",
            "term": "Spring",
            "year": 2013,
            "termid": "2012/03",
            "listingorder": 6,
            "completionorder": 6
        }
    ],
    "userid": "112100122",
    "attachments": []
}