{
    "activityid": 15598,
    "fields": {
        "Type": "Poster Presentation",
        "Title of Presentation": "Qualitative Analysis of Detergents",
        "Conference / Meeting Name": "67th Annual ACS NORM conference",
        "Conference Location": "Boise, ID",
        "Date or Date Range": "2012-06-25",
        "Actual/Projected Year of Publication/Presentation": 2012,
        "Sponsoring Organization": "American Chemical Society",
        "Presenter(s)": null,
        "Web Address": "",
        "Description/Abstract": "",
        "Origin": "Other"
    },
    "facultyid": "112100122",
    "coauthors": {
        "64035": {
            "firstname": "Owen",
            "middleinitial": "Michael",
            "lastname": "McDougal",
            "percentcontribution": "0",
            "sameschoolflag": 1,
            "facultyid": "112100122",
            "authorid": 64035,
            "scholarlyactivityid": 15598
        }
    },
    "status": [
        {
            "id": 15598,
            "status": "Completed/Published",
            "term": "Summer",
            "year": 2012,
            "termid": "2012/01",
            "listingorder": 6,
            "completionorder": 6
        }
    ],
    "userid": "112100122",
    "attachments": []
}