{
    "activityid": 15605,
    "fields": {
        "Type": "Poster Presentation",
        "Title of Presentation": "DockoMatic: Molecular Docking Analysis of Biological Systems",
        "Conference / Meeting Name": "URC",
        "Conference Location": "Boise, ID",
        "Date or Date Range": "2012-04-30",
        "Actual/Projected Year of Publication/Presentation": 2012,
        "Sponsoring Organization": "Boise State University",
        "Presenter(s)": null,
        "Web Address": "",
        "Description/Abstract": "",
        "Origin": "Other"
    },
    "facultyid": "112100122",
    "coauthors": {
        "64047": {
            "firstname": "Ken",
            "middleinitial": "",
            "lastname": "Weekes",
            "percentcontribution": "0",
            "sameschoolflag": 0,
            "facultyid": null,
            "authorid": 64047,
            "scholarlyactivityid": 15605
        },
        "64048": {
            "firstname": "Reed",
            "middleinitial": "B",
            "lastname": "Jacob",
            "percentcontribution": "0",
            "sameschoolflag": 0,
            "facultyid": null,
            "authorid": 64048,
            "scholarlyactivityid": 15605
        },
        "64049": {
            "firstname": "Owen",
            "middleinitial": "Michael",
            "lastname": "McDougal",
            "percentcontribution": "0",
            "sameschoolflag": 1,
            "facultyid": "112100122",
            "authorid": 64049,
            "scholarlyactivityid": 15605
        }
    },
    "status": [
        {
            "id": 15605,
            "status": "Completed/Published",
            "term": "Spring",
            "year": 2012,
            "termid": "2011/03",
            "listingorder": 6,
            "completionorder": 6
        }
    ],
    "userid": "112100122",
    "attachments": []
}