{
    "activityid": 15606,
    "fields": {
        "Type": "Poster Presentation",
        "Title of Presentation": "DockoMatic: Molecular Docking Analysis of Biological Systems",
        "Conference / Meeting Name": "BSU URC",
        "Conference Location": "BSU",
        "Date or Date Range": "2012-04-23",
        "Actual/Projected Year of Publication/Presentation": 2012,
        "Sponsoring Organization": "BSU",
        "Presenter(s)": null,
        "Web Address": "",
        "Description/Abstract": "",
        "Origin": "Other"
    },
    "facultyid": "112100122",
    "coauthors": {
        "64050": {
            "firstname": "Owen",
            "middleinitial": "Michael",
            "lastname": "McDougal",
            "percentcontribution": "0",
            "sameschoolflag": 1,
            "facultyid": "112100122",
            "authorid": 64050,
            "scholarlyactivityid": 15606
        },
        "64051": {
            "firstname": "Weekes",
            "middleinitial": "",
            "lastname": "Ken",
            "percentcontribution": "0",
            "sameschoolflag": 0,
            "facultyid": null,
            "authorid": 64051,
            "scholarlyactivityid": 15606
        }
    },
    "status": [
        {
            "id": 15606,
            "status": "Completed/Published",
            "term": "Spring",
            "year": 2012,
            "termid": "2011/03",
            "listingorder": 6,
            "completionorder": 6
        }
    ],
    "userid": "112100122",
    "attachments": []
}