{
    "activityid": 15602,
    "fields": {
        "Type": "Poster Presentation",
        "Title of Presentation": "DockoMatic: Pharmaceutical Application by Inverse Virtual Screening",
        "Conference / Meeting Name": "93rd Annual AAASPD conference",
        "Conference Location": "Boise, ID",
        "Date or Date Range": "2012-06-25",
        "Actual/Projected Year of Publication/Presentation": 2012,
        "Sponsoring Organization": "AAASPD",
        "Presenter(s)": null,
        "Web Address": "",
        "Description/Abstract": "",
        "Origin": "Other"
    },
    "facultyid": "112100122",
    "coauthors": {
        "64042": {
            "firstname": "Owen",
            "middleinitial": "Michael",
            "lastname": "McDougal",
            "percentcontribution": "0",
            "sameschoolflag": 1,
            "facultyid": "112100122",
            "authorid": 64042,
            "scholarlyactivityid": 15602
        }
    },
    "status": [
        {
            "id": 15602,
            "status": "Completed/Published",
            "term": "Summer",
            "year": 2012,
            "termid": "2012/01",
            "listingorder": 6,
            "completionorder": 6
        }
    ],
    "userid": "112100122",
    "attachments": []
}