{
    "activityid": 15611,
    "fields": {
        "Type": "Poster Presentation",
        "Title of Presentation": "Chemical Warfare Agent Decontamination by Surfactant Accelerated Hydrolysis as Studied by 1H Nuclear Magnetic Resonance Spectroscopy",
        "Conference / Meeting Name": "URC",
        "Conference Location": "Boise, ID",
        "Date or Date Range": "2011-04-30",
        "Actual/Projected Year of Publication/Presentation": 2011,
        "Sponsoring Organization": "Boise State University",
        "Presenter(s)": null,
        "Web Address": "",
        "Description/Abstract": "",
        "Origin": "Other"
    },
    "facultyid": "112100122",
    "coauthors": {
        "64061": {
            "firstname": "Teslin",
            "middleinitial": "",
            "lastname": "Brasseure",
            "percentcontribution": "0",
            "sameschoolflag": 0,
            "facultyid": null,
            "authorid": 64061,
            "scholarlyactivityid": 15611
        },
        "64062": {
            "firstname": "Emily",
            "middleinitial": "",
            "lastname": "Drussel",
            "percentcontribution": "0",
            "sameschoolflag": 0,
            "facultyid": null,
            "authorid": 64062,
            "scholarlyactivityid": 15611
        },
        "64063": {
            "firstname": "Emma",
            "middleinitial": "",
            "lastname": "Baker",
            "percentcontribution": "0",
            "sameschoolflag": 0,
            "facultyid": null,
            "authorid": 64063,
            "scholarlyactivityid": 15611
        },
        "64064": {
            "firstname": "Michael",
            "middleinitial": "",
            "lastname": "Hill",
            "percentcontribution": "0",
            "sameschoolflag": 0,
            "facultyid": null,
            "authorid": 64064,
            "scholarlyactivityid": 15611
        },
        "64065": {
            "firstname": "Gerry",
            "middleinitial": "",
            "lastname": "Chingas",
            "percentcontribution": "0",
            "sameschoolflag": 0,
            "facultyid": null,
            "authorid": 64065,
            "scholarlyactivityid": 15611
        },
        "64066": {
            "firstname": "Owen",
            "middleinitial": "Michael",
            "lastname": "McDougal",
            "percentcontribution": "0",
            "sameschoolflag": 1,
            "facultyid": "112100122",
            "authorid": 64066,
            "scholarlyactivityid": 15611
        }
    },
    "status": [
        {
            "id": 15611,
            "status": "Completed/Published",
            "term": "Spring",
            "year": 2011,
            "termid": "2010/03",
            "listingorder": 6,
            "completionorder": 6
        }
    ],
    "userid": "112100122",
    "attachments": []
}