{
    "activityid": 15625,
    "fields": {
        "Type": "Presentation",
        "Title of Presentation": "Computational Solutions to Biochemical Problems",
        "Conference/Meeting Name": "The 2nd CAES",
        "Conference Location": "Boise, ID",
        "Date or Date Range": "2011-09-30",
        "Actual/Projected Year of Publication/Presentation": 2011,
        "Sponsoring Organization": "",
        "Presenter(s)": null,
        "Web Address": "",
        "Description/Abstract": "",
        "Origin": "Other"
    },
    "facultyid": "112100122",
    "coauthors": {
        "64105": {
            "firstname": "Owen",
            "middleinitial": "Michael",
            "lastname": "McDougal",
            "percentcontribution": "0",
            "sameschoolflag": 1,
            "facultyid": "112100122",
            "authorid": 64105,
            "scholarlyactivityid": 15625
        }
    },
    "status": [
        {
            "id": 15625,
            "status": "Completed/Published",
            "term": "Fall",
            "year": 2011,
            "termid": "2011/02",
            "listingorder": 6,
            "completionorder": 6
        }
    ],
    "userid": "112100122",
    "attachments": []
}