{
    "activityid": 15624,
    "fields": {
        "Type": "Presentation",
        "Title of Presentation": "The Chemical Umbrella: Earth to Clouds",
        "Conference/Meeting Name": "Department of Materials Science and Engineering",
        "Conference Location": "Boise, ID",
        "Date or Date Range": "2011-10-31",
        "Actual/Projected Year of Publication/Presentation": 2011,
        "Sponsoring Organization": "Boise State University",
        "Presenter(s)": null,
        "Web Address": "",
        "Description/Abstract": "",
        "Origin": "Other"
    },
    "facultyid": "112100122",
    "coauthors": {
        "64104": {
            "firstname": "Owen",
            "middleinitial": "Michael",
            "lastname": "McDougal",
            "percentcontribution": "0",
            "sameschoolflag": 1,
            "facultyid": "112100122",
            "authorid": 64104,
            "scholarlyactivityid": 15624
        }
    },
    "status": [
        {
            "id": 15624,
            "status": "Completed/Published",
            "term": "Fall",
            "year": 2011,
            "termid": "2011/02",
            "listingorder": 6,
            "completionorder": 6
        }
    ],
    "userid": "112100122",
    "attachments": []
}