{
    "activityid": 15623,
    "fields": {
        "Type": "Presentation",
        "Title of Presentation": "Veratrum californicum Bioactives: From Sheep to Cancer Treatment",
        "Conference/Meeting Name": "Seminar series",
        "Conference Location": "Dunedin, NZ",
        "Date or Date Range": "2013-11-08",
        "Actual/Projected Year of Publication/Presentation": 2013,
        "Sponsoring Organization": "Department of Chemistry University of Otago",
        "Presenter(s)": null,
        "Web Address": "",
        "Description/Abstract": "",
        "Origin": "Other"
    },
    "facultyid": "112100122",
    "coauthors": {
        "64103": {
            "firstname": "Owen",
            "middleinitial": "Michael",
            "lastname": "McDougal",
            "percentcontribution": "0",
            "sameschoolflag": 1,
            "facultyid": "112100122",
            "authorid": 64103,
            "scholarlyactivityid": 15623
        }
    },
    "status": [
        {
            "id": 15623,
            "status": "Completed/Published",
            "term": "Fall",
            "year": 2013,
            "termid": "2013/02",
            "listingorder": 6,
            "completionorder": 6
        }
    ],
    "userid": "112100122",
    "attachments": []
}