{
    "activityid": 15635,
    "fields": {
        "Type": "Presentation",
        "Title of Presentation": "Small Peptides Equate to Big Computational Challenges",
        "Conference/Meeting Name": "94th Annual AAASPD Conference",
        "Conference Location": "UNLV",
        "Date or Date Range": "2013-06-26",
        "Actual/Projected Year of Publication/Presentation": 2013,
        "Sponsoring Organization": "",
        "Presenter(s)": null,
        "Web Address": "",
        "Description/Abstract": "",
        "Origin": "Other"
    },
    "facultyid": "112100122",
    "coauthors": {
        "64137": {
            "firstname": "Owen",
            "middleinitial": "Michael",
            "lastname": "McDougal",
            "percentcontribution": "0",
            "sameschoolflag": 1,
            "facultyid": "112100122",
            "authorid": 64137,
            "scholarlyactivityid": 15635
        }
    },
    "status": [
        {
            "id": 15635,
            "status": "Completed/Published",
            "term": "Summer",
            "year": 2013,
            "termid": "2013/01",
            "listingorder": 6,
            "completionorder": 6
        }
    ],
    "userid": "112100122",
    "attachments": []
}