{
    "activityid": 15633,
    "fields": {
        "Type": "Presentation",
        "Title of Presentation": "pKa Determination of Histidine Residues in ?-Conotoxin MII Peptides by 1H NMR and Constant pH Molecular Dynamics Simulation",
        "Conference/Meeting Name": "94th Annual AAASPD Conference",
        "Conference Location": "Las Vegas, NV",
        "Date or Date Range": "2013-06-30",
        "Actual/Projected Year of Publication/Presentation": 2013,
        "Sponsoring Organization": "",
        "Presenter(s)": null,
        "Web Address": "",
        "Description/Abstract": "",
        "Origin": "Other"
    },
    "facultyid": "112100122",
    "coauthors": {
        "64128": {
            "firstname": "Owen",
            "middleinitial": "Michael",
            "lastname": "McDougal",
            "percentcontribution": "0",
            "sameschoolflag": 1,
            "facultyid": "112100122",
            "authorid": 64128,
            "scholarlyactivityid": 15633
        },
        "64129": {
            "firstname": "David",
            "middleinitial": "M.",
            "lastname": "Granum",
            "percentcontribution": "0",
            "sameschoolflag": 0,
            "facultyid": null,
            "authorid": 64129,
            "scholarlyactivityid": 15633
        },
        "64130": {
            "firstname": "Mark",
            "middleinitial": "",
            "lastname": "Swartz",
            "percentcontribution": "0",
            "sameschoolflag": 0,
            "facultyid": null,
            "authorid": 64130,
            "scholarlyactivityid": 15633
        },
        "64131": {
            "firstname": "Conrad",
            "middleinitial": "",
            "lastname": "Rohleder",
            "percentcontribution": "0",
            "sameschoolflag": 0,
            "facultyid": null,
            "authorid": 64131,
            "scholarlyactivityid": 15633
        },
        "64132": {
            "firstname": "C.",
            "middleinitial": "Mark",
            "lastname": "Maupin",
            "percentcontribution": "0",
            "sameschoolflag": 0,
            "facultyid": null,
            "authorid": 64132,
            "scholarlyactivityid": 15633
        }
    },
    "status": [
        {
            "id": 15633,
            "status": "Completed/Published",
            "term": "Summer",
            "year": 2013,
            "termid": "2013/01",
            "listingorder": 6,
            "completionorder": 6
        }
    ],
    "userid": "112100122",
    "attachments": []
}