{
    "activityid": 15634,
    "fields": {
        "Type": "Presentation",
        "Title of Presentation": "Optimizing Extraction of Biologically Active pH Sensitive Steroidal Alkaloids from Veratrum californicum",
        "Conference/Meeting Name": "AAASPD",
        "Conference Location": "Las Vegas, NV",
        "Date or Date Range": "2013-06-30",
        "Actual/Projected Year of Publication/Presentation": 2013,
        "Sponsoring Organization": "",
        "Presenter(s)": null,
        "Web Address": "",
        "Description/Abstract": "",
        "Origin": "Other"
    },
    "facultyid": "112100122",
    "coauthors": {
        "64133": {
            "firstname": "Jared",
            "middleinitial": "",
            "lastname": "Mattos",
            "percentcontribution": "0",
            "sameschoolflag": 0,
            "facultyid": null,
            "authorid": 64133,
            "scholarlyactivityid": 15634
        },
        "64134": {
            "firstname": "Petr ",
            "middleinitial": "",
            "lastname": "Malek",
            "percentcontribution": "0",
            "sameschoolflag": 0,
            "facultyid": null,
            "authorid": 64134,
            "scholarlyactivityid": 15634
        },
        "64135": {
            "firstname": "Chris ",
            "middleinitial": "",
            "lastname": "Chandler",
            "percentcontribution": "0",
            "sameschoolflag": 0,
            "facultyid": null,
            "authorid": 64135,
            "scholarlyactivityid": 15634
        },
        "64136": {
            "firstname": "Owen",
            "middleinitial": "Michael",
            "lastname": "McDougal",
            "percentcontribution": "0",
            "sameschoolflag": 1,
            "facultyid": "112100122",
            "authorid": 64136,
            "scholarlyactivityid": 15634
        }
    },
    "status": [
        {
            "id": 15634,
            "status": "Completed/Published",
            "term": "Summer",
            "year": 2013,
            "termid": "2013/01",
            "listingorder": 6,
            "completionorder": 6
        }
    ],
    "userid": "112100122",
    "attachments": []
}