{
    "activityid": 15709,
    "fields": {
        "Type": "Poster Presentation",
        "Title of Presentation": "Relationships across perceptions of adaptation to college and ethnocultural P-E fit: Emerging qualitative models",
        "Conference / Meeting Name": "Association for Counselor Education and Supervision Bi-Annual Conference",
        "Conference Location": "Pittsburg, Pennsylvania",
        "Date or Date Range": "2005-10-31",
        "Actual/Projected Year of Publication/Presentation": 2005,
        "Sponsoring Organization": "Association for Counselor Education and Supervision",
        "Presenter(s)": null,
        "Web Address": "",
        "Description/Abstract": "",
        "Origin": "Other"
    },
    "facultyid": "113026222",
    "coauthors": {
        "64334": {
            "firstname": "Aida",
            "middleinitial": "",
            "lastname": "Midgett",
            "percentcontribution": "0",
            "sameschoolflag": 1,
            "facultyid": "113026222",
            "authorid": 64334,
            "scholarlyactivityid": 15709
        },
        "64335": {
            "firstname": "T",
            "middleinitial": "",
            "lastname": "Fabian",
            "percentcontribution": "0",
            "sameschoolflag": 0,
            "facultyid": null,
            "authorid": 64335,
            "scholarlyactivityid": 15709
        },
        "64336": {
            "firstname": "W",
            "middleinitial": "",
            "lastname": "Martin",
            "percentcontribution": "0",
            "sameschoolflag": 0,
            "facultyid": null,
            "authorid": 64336,
            "scholarlyactivityid": 15709
        }
    },
    "status": [
        {
            "id": 15709,
            "status": "Completed/Published",
            "term": "Fall",
            "year": 2005,
            "termid": "2005/02",
            "listingorder": 6,
            "completionorder": 6
        }
    ],
    "userid": "113026222",
    "attachments": []
}