{
    "activityid": 15705,
    "fields": {
        "Type": "Poster Presentation",
        "Title of Presentation": "Teaching multicultural competence and social justice advocacy skills through service learning",
        "Conference / Meeting Name": "Association for Counselor Education and Supervision",
        "Conference Location": "Denver, CO",
        "Date or Date Range": "2013-10-31",
        "Actual/Projected Year of Publication/Presentation": 2013,
        "Sponsoring Organization": "Association for Counselor Education and Supervision",
        "Presenter(s)": null,
        "Web Address": "",
        "Description/Abstract": "",
        "Origin": "Other"
    },
    "facultyid": "113026222",
    "coauthors": {
        "64328": {
            "firstname": "Aida",
            "middleinitial": "",
            "lastname": "Midgett",
            "percentcontribution": "0",
            "sameschoolflag": 1,
            "facultyid": "113026222",
            "authorid": 64328,
            "scholarlyactivityid": 15705
        },
        "64329": {
            "firstname": "Diana",
            "middleinitial": "",
            "lastname": "Doumas",
            "percentcontribution": "0",
            "sameschoolflag": 1,
            "facultyid": "111726552",
            "authorid": 64329,
            "scholarlyactivityid": 15705
        },
        "64330": {
            "firstname": "Robin",
            "middleinitial": "",
            "lastname": "Hausheer",
            "percentcontribution": "0",
            "sameschoolflag": 0,
            "facultyid": null,
            "authorid": 64330,
            "scholarlyactivityid": 15705
        }
    },
    "status": [
        {
            "id": 15705,
            "status": "Completed/Published",
            "term": "Fall",
            "year": 2013,
            "termid": "2013/02",
            "listingorder": 6,
            "completionorder": 6
        }
    ],
    "userid": "113026222",
    "attachments": []
}