{
    "activityid": 15703,
    "fields": {
        "Type": "Poster Presentation",
        "Title of Presentation": "Increasing counseling students\u2019  \tgroup leadership self-efficacy and multicultural competence through service learning. ",
        "Conference / Meeting Name": "ACES",
        "Conference Location": "Philadelphia, PA",
        "Date or Date Range": "2015-10-31",
        "Actual/Projected Year of Publication/Presentation": 2015,
        "Sponsoring Organization": "ACES",
        "Presenter(s)": null,
        "Web Address": "",
        "Description/Abstract": "",
        "Origin": "Other"
    },
    "facultyid": "113026222",
    "coauthors": {
        "64322": {
            "firstname": "Aida",
            "middleinitial": "",
            "lastname": "Midgett",
            "percentcontribution": "0",
            "sameschoolflag": 1,
            "facultyid": "113026222",
            "authorid": 64322,
            "scholarlyactivityid": 15703
        },
        "64323": {
            "firstname": "Diana",
            "middleinitial": "",
            "lastname": "Doumas",
            "percentcontribution": "0",
            "sameschoolflag": 1,
            "facultyid": "111726552",
            "authorid": 64323,
            "scholarlyactivityid": 15703
        },
        "64324": {
            "firstname": "Robin",
            "middleinitial": "",
            "lastname": "Hausheer",
            "percentcontribution": "0",
            "sameschoolflag": 0,
            "facultyid": null,
            "authorid": 64324,
            "scholarlyactivityid": 15703
        }
    },
    "status": [
        {
            "id": 15703,
            "status": "Completed/Published",
            "term": "Fall",
            "year": 2015,
            "termid": "2015/02",
            "listingorder": 6,
            "completionorder": 6
        }
    ],
    "userid": "113026222",
    "attachments": []
}