{
    "activityid": 15707,
    "fields": {
        "Type": "Poster Presentation",
        "Title of Presentation": "Learning About Refugee Strength and Resilience: A Qualitative Inquiry About Adaptation to Life in the United States",
        "Conference / Meeting Name": "American Counseling Association Annual Conference",
        "Conference Location": "San Francisco, CA",
        "Date or Date Range": "2012-03-31",
        "Actual/Projected Year of Publication/Presentation": 2012,
        "Sponsoring Organization": "American Counseling Association",
        "Presenter(s)": null,
        "Web Address": "",
        "Description/Abstract": "",
        "Origin": "Other"
    },
    "facultyid": "113026222",
    "coauthors": {
        "64332": {
            "firstname": "Aida",
            "middleinitial": "",
            "lastname": "Midgett",
            "percentcontribution": "0",
            "sameschoolflag": 1,
            "facultyid": "113026222",
            "authorid": 64332,
            "scholarlyactivityid": 15707
        }
    },
    "status": [
        {
            "id": 15707,
            "status": "Completed/Published",
            "term": "Spring",
            "year": 2012,
            "termid": "2011/03",
            "listingorder": 6,
            "completionorder": 6
        }
    ],
    "userid": "113026222",
    "attachments": []
}