{
    "activityid": 15711,
    "fields": {
        "Type": "Poster Presentation",
        "Title of Presentation": "Healing after the experience: Coping with victimization",
        "Conference / Meeting Name": "Montana Counseling Association Annual Conference",
        "Conference Location": "Helena, Montana",
        "Date or Date Range": "2005-04-30",
        "Actual/Projected Year of Publication/Presentation": 2005,
        "Sponsoring Organization": "Montana Counseling Association",
        "Presenter(s)": null,
        "Web Address": "",
        "Description/Abstract": "",
        "Origin": "Other"
    },
    "facultyid": "113026222",
    "coauthors": {
        "64340": {
            "firstname": "C",
            "middleinitial": "",
            "lastname": "Foster",
            "percentcontribution": "0",
            "sameschoolflag": 0,
            "facultyid": null,
            "authorid": 64340,
            "scholarlyactivityid": 15711
        },
        "64341": {
            "firstname": "L",
            "middleinitial": "",
            "lastname": "Morrison",
            "percentcontribution": "0",
            "sameschoolflag": 0,
            "facultyid": null,
            "authorid": 64341,
            "scholarlyactivityid": 15711
        },
        "64342": {
            "firstname": "A",
            "middleinitial": "",
            "lastname": "Ranstrom",
            "percentcontribution": "0",
            "sameschoolflag": 0,
            "facultyid": null,
            "authorid": 64342,
            "scholarlyactivityid": 15711
        },
        "64343": {
            "firstname": "Aida",
            "middleinitial": "",
            "lastname": "Midgett",
            "percentcontribution": "0",
            "sameschoolflag": 1,
            "facultyid": "113026222",
            "authorid": 64343,
            "scholarlyactivityid": 15711
        }
    },
    "status": [
        {
            "id": 15711,
            "status": "Completed/Published",
            "term": "Spring",
            "year": 2005,
            "termid": "2004/03",
            "listingorder": 6,
            "completionorder": 6
        }
    ],
    "userid": "113026222",
    "attachments": []
}