{
    "activityid": 15714,
    "fields": {
        "Type": "Poster Presentation",
        "Title of Presentation": "Predictors of college adjustment of first year minority college students",
        "Conference / Meeting Name": "Western Psychological Association Annual Conference",
        "Conference Location": "Tempe, Arizona",
        "Date or Date Range": "2004-04-30",
        "Actual/Projected Year of Publication/Presentation": 2004,
        "Sponsoring Organization": "Western Psychological Association",
        "Presenter(s)": null,
        "Web Address": "",
        "Description/Abstract": "",
        "Origin": "Other"
    },
    "facultyid": "113026222",
    "coauthors": {
        "64352": {
            "firstname": "E",
            "middleinitial": "",
            "lastname": "Giumelli",
            "percentcontribution": "0",
            "sameschoolflag": 0,
            "facultyid": null,
            "authorid": 64352,
            "scholarlyactivityid": 15714
        },
        "64353": {
            "firstname": "Aida",
            "middleinitial": "",
            "lastname": "Midgett",
            "percentcontribution": "0",
            "sameschoolflag": 1,
            "facultyid": "113026222",
            "authorid": 64353,
            "scholarlyactivityid": 15714
        },
        "64354": {
            "firstname": "T",
            "middleinitial": "",
            "lastname": "Fabian",
            "percentcontribution": "0",
            "sameschoolflag": 0,
            "facultyid": null,
            "authorid": 64354,
            "scholarlyactivityid": 15714
        },
        "64355": {
            "firstname": "W",
            "middleinitial": "E",
            "lastname": "Martin (jr)",
            "percentcontribution": "0",
            "sameschoolflag": 0,
            "facultyid": null,
            "authorid": 64355,
            "scholarlyactivityid": 15714
        }
    },
    "status": [
        {
            "id": 15714,
            "status": "Completed/Published",
            "term": "Spring",
            "year": 2004,
            "termid": "2003/03",
            "listingorder": 6,
            "completionorder": 6
        }
    ],
    "userid": "113026222",
    "attachments": []
}