{
    "activityid": 15719,
    "fields": {
        "Type": "Poster Presentation",
        "Title of Presentation": "Relationships of English language proficiency and psychosocial factors to college student adjustment of 1st year undergraduate students from various ethnocultural backgrounds",
        "Conference / Meeting Name": "Rocky Mountain Psychological Association Annual Conference",
        "Conference Location": "Reno, Nevada",
        "Date or Date Range": "2001-04-30",
        "Actual/Projected Year of Publication/Presentation": 2001,
        "Sponsoring Organization": "Rocky Mountain Psychological Association",
        "Presenter(s)": null,
        "Web Address": "",
        "Description/Abstract": "",
        "Origin": "Other"
    },
    "facultyid": "113026222",
    "coauthors": {
        "64368": {
            "firstname": "T",
            "middleinitial": "",
            "lastname": "Fabian",
            "percentcontribution": "0",
            "sameschoolflag": 0,
            "facultyid": null,
            "authorid": 64368,
            "scholarlyactivityid": 15719
        },
        "64369": {
            "firstname": "W",
            "middleinitial": "",
            "lastname": "Martin",
            "percentcontribution": "0",
            "sameschoolflag": 0,
            "facultyid": null,
            "authorid": 64369,
            "scholarlyactivityid": 15719
        },
        "64370": {
            "firstname": "Aida",
            "middleinitial": "",
            "lastname": "Midgett",
            "percentcontribution": "0",
            "sameschoolflag": 1,
            "facultyid": "113026222",
            "authorid": 64370,
            "scholarlyactivityid": 15719
        },
        "64371": {
            "firstname": "O",
            "middleinitial": "",
            "lastname": "Molera",
            "percentcontribution": "0",
            "sameschoolflag": 0,
            "facultyid": null,
            "authorid": 64371,
            "scholarlyactivityid": 15719
        }
    },
    "status": [
        {
            "id": 15719,
            "status": "Completed/Published",
            "term": "Spring",
            "year": 2001,
            "termid": "2000/03",
            "listingorder": 6,
            "completionorder": 6
        }
    ],
    "userid": "113026222",
    "attachments": []
}