{
    "activityid": 15717,
    "fields": {
        "Type": "Poster Presentation",
        "Title of Presentation": "Factors predicting college adjustment of students from various ethnocultural backgrounds",
        "Conference / Meeting Name": "American Psychological Association Conference Annual Conference",
        "Conference Location": "San Francisco, California",
        "Date or Date Range": "2001-08-31",
        "Actual/Projected Year of Publication/Presentation": 2001,
        "Sponsoring Organization": "American Psychological Association",
        "Presenter(s)": null,
        "Web Address": "",
        "Description/Abstract": "",
        "Origin": "Other"
    },
    "facultyid": "113026222",
    "coauthors": {
        "64361": {
            "firstname": "T",
            "middleinitial": "",
            "lastname": "Fabian",
            "percentcontribution": "0",
            "sameschoolflag": 0,
            "facultyid": null,
            "authorid": 64361,
            "scholarlyactivityid": 15717
        },
        "64362": {
            "firstname": "W",
            "middleinitial": "",
            "lastname": "Martin",
            "percentcontribution": "0",
            "sameschoolflag": 0,
            "facultyid": null,
            "authorid": 64362,
            "scholarlyactivityid": 15717
        },
        "64363": {
            "firstname": "Aida",
            "middleinitial": "",
            "lastname": "Midgett",
            "percentcontribution": "0",
            "sameschoolflag": 1,
            "facultyid": "113026222",
            "authorid": 64363,
            "scholarlyactivityid": 15717
        }
    },
    "status": [
        {
            "id": 15717,
            "status": "Completed/Published",
            "term": "Summer",
            "year": 2001,
            "termid": "2001/01",
            "listingorder": 6,
            "completionorder": 6
        }
    ],
    "userid": "113026222",
    "attachments": []
}