{
    "activityid": 15723,
    "fields": {
        "Type": "Presentation",
        "Title of Presentation": "Teaching Applied Multicultural and Social Justice Competence Skills Through Service Learning",
        "Conference/Meeting Name": "Rocky Mountain \t\t\t\t\t\tAssociation for Counselor Education and Supervision Bi-Annual Conference",
        "Conference Location": "Park City, Utah",
        "Date or Date Range": "2012-12-31",
        "Actual/Projected Year of Publication/Presentation": 2012,
        "Sponsoring Organization": "RMACES",
        "Presenter(s)": null,
        "Web Address": "",
        "Description/Abstract": "",
        "Origin": "Other"
    },
    "facultyid": "113026222",
    "coauthors": {
        "64381": {
            "firstname": "Aida",
            "middleinitial": "",
            "lastname": "Midgett",
            "percentcontribution": "0",
            "sameschoolflag": 1,
            "facultyid": "113026222",
            "authorid": 64381,
            "scholarlyactivityid": 15723
        },
        "64382": {
            "firstname": "Jamie",
            "middleinitial": "",
            "lastname": "Jensen",
            "percentcontribution": "0",
            "sameschoolflag": 0,
            "facultyid": null,
            "authorid": 64382,
            "scholarlyactivityid": 15723
        },
        "64383": {
            "firstname": "Lexie",
            "middleinitial": "",
            "lastname": "Jahn",
            "percentcontribution": "0",
            "sameschoolflag": 0,
            "facultyid": null,
            "authorid": 64383,
            "scholarlyactivityid": 15723
        }
    },
    "status": [
        {
            "id": 15723,
            "status": "Completed/Published",
            "term": "Fall",
            "year": 2012,
            "termid": "2012/02",
            "listingorder": 6,
            "completionorder": 6
        }
    ],
    "userid": "113026222",
    "attachments": []
}