{
    "activityid": 15725,
    "fields": {
        "Type": "Presentation",
        "Title of Presentation": "Let\u2019s talk about race: What does it mean to be White?",
        "Conference/Meeting Name": "Idaho Counseling Association Conference",
        "Conference Location": "Boise, ID",
        "Date or Date Range": "2010-12-31",
        "Actual/Projected Year of Publication/Presentation": 2010,
        "Sponsoring Organization": "Idaho Counseling Association",
        "Presenter(s)": null,
        "Web Address": "",
        "Description/Abstract": "",
        "Origin": "Other"
    },
    "facultyid": "113026222",
    "coauthors": {
        "64386": {
            "firstname": "Aida",
            "middleinitial": "",
            "lastname": "Midgett",
            "percentcontribution": "0",
            "sameschoolflag": 1,
            "facultyid": "113026222",
            "authorid": 64386,
            "scholarlyactivityid": 15725
        }
    },
    "status": [
        {
            "id": 15725,
            "status": "Completed/Published",
            "term": "Fall",
            "year": 2010,
            "termid": "2010/02",
            "listingorder": 6,
            "completionorder": 6
        }
    ],
    "userid": "113026222",
    "attachments": []
}