{
    "activityid": 15731,
    "fields": {
        "Type": "Presentation",
        "Title of Presentation": "The path through the whispers: Working with bi-racial and multicultural adolescent clients",
        "Conference/Meeting Name": "Montana Counseling Association Annual Conference",
        "Conference Location": "Helena, Montana",
        "Date or Date Range": "2005-04-30",
        "Actual/Projected Year of Publication/Presentation": 2005,
        "Sponsoring Organization": "Montana Counseling Association ",
        "Presenter(s)": null,
        "Web Address": "",
        "Description/Abstract": "",
        "Origin": "Other"
    },
    "facultyid": "113026222",
    "coauthors": {
        "64403": {
            "firstname": "G",
            "middleinitial": "",
            "lastname": "Pete",
            "percentcontribution": "0",
            "sameschoolflag": 0,
            "facultyid": null,
            "authorid": 64403,
            "scholarlyactivityid": 15731
        },
        "64404": {
            "firstname": "S",
            "middleinitial": "",
            "lastname": "LaCombe",
            "percentcontribution": "0",
            "sameschoolflag": 0,
            "facultyid": null,
            "authorid": 64404,
            "scholarlyactivityid": 15731
        },
        "64405": {
            "firstname": "D",
            "middleinitial": "",
            "lastname": "Meyers",
            "percentcontribution": "0",
            "sameschoolflag": 0,
            "facultyid": null,
            "authorid": 64405,
            "scholarlyactivityid": 15731
        },
        "64406": {
            "firstname": "Aida",
            "middleinitial": "",
            "lastname": "Midgett",
            "percentcontribution": "0",
            "sameschoolflag": 1,
            "facultyid": "113026222",
            "authorid": 64406,
            "scholarlyactivityid": 15731
        }
    },
    "status": [
        {
            "id": 15731,
            "status": "Completed/Published",
            "term": "Spring",
            "year": 2005,
            "termid": "2004/03",
            "listingorder": 6,
            "completionorder": 6
        }
    ],
    "userid": "113026222",
    "attachments": []
}