{
    "activityid": 15749,
    "fields": {
        "Type": "Presentation",
        "Title of Presentation": "Eastern European Politics in the 1970s and 1980s",
        "Conference/Meeting Name": "Negotiating Modernity: Rethinking the History of Modern East Central European Political Thought",
        "Conference Location": "Sofia, Bulgaria",
        "Date or Date Range": "2013-03-16",
        "Actual/Projected Year of Publication/Presentation": 2013,
        "Sponsoring Organization": "Center for Advanced Study, Sofia",
        "Presenter(s)": null,
        "Web Address": "",
        "Description/Abstract": "",
        "Origin": "Other"
    },
    "facultyid": "111111900",
    "coauthors": {
        "64468": {
            "firstname": "Nicholas",
            "middleinitial": "J",
            "lastname": "Miller",
            "percentcontribution": "0",
            "sameschoolflag": 1,
            "facultyid": "111111900",
            "authorid": 64468,
            "scholarlyactivityid": 15749
        }
    },
    "status": [
        {
            "id": 15749,
            "status": "Completed/Published",
            "term": "Spring",
            "year": 2013,
            "termid": "2012/03",
            "listingorder": 6,
            "completionorder": 6
        }
    ],
    "userid": "111111900",
    "attachments": []
}