{
    "activityid": 15745,
    "fields": {
        "Type": "Presentation",
        "Title of Presentation": "Integrating principles of neuroscience into counselor education: Implications from a study exploring counselors\u2019 experiences learning interpersonal neurobiology",
        "Conference/Meeting Name": "Rocky Mountain ACES Regional Conference",
        "Conference Location": "Grand Tetons, Wyoming ",
        "Date or Date Range": "2014-10-05",
        "Actual/Projected Year of Publication/Presentation": 2014,
        "Sponsoring Organization": "",
        "Presenter(s)": null,
        "Web Address": "",
        "Description/Abstract": "",
        "Origin": "Other"
    },
    "facultyid": "114023975",
    "coauthors": {
        "64458": {
            "firstname": "Raissa",
            "middleinitial": "",
            "lastname": "Miller",
            "percentcontribution": "0",
            "sameschoolflag": 1,
            "facultyid": "114023975",
            "authorid": 64458,
            "scholarlyactivityid": 15745
        }
    },
    "status": [
        {
            "id": 15745,
            "status": "Completed/Published",
            "term": "Fall",
            "year": 2014,
            "termid": "2014/02",
            "listingorder": 6,
            "completionorder": 6
        }
    ],
    "userid": "114023975",
    "attachments": []
}