{
    "activityid": 15750,
    "fields": {
        "Type": "Presentation",
        "Title of Presentation": "Building ISLE into the Summer Research Community",
        "Conference/Meeting Name": "CUR Institute on URSCA",
        "Conference Location": "Milwaukee Wisconsin",
        "Date or Date Range": "2014-11-08",
        "Actual/Projected Year of Publication/Presentation": 2014,
        "Sponsoring Organization": "Council on Undergraduate Research",
        "Presenter(s)": null,
        "Web Address": "",
        "Description/Abstract": "",
        "Origin": "Other"
    },
    "facultyid": "111111900",
    "coauthors": {
        "64469": {
            "firstname": "Nicholas",
            "middleinitial": "J",
            "lastname": "Miller",
            "percentcontribution": "0",
            "sameschoolflag": 1,
            "facultyid": "111111900",
            "authorid": 64469,
            "scholarlyactivityid": 15750
        }
    },
    "status": [
        {
            "id": 15750,
            "status": "Completed/Published",
            "term": "Fall",
            "year": 2014,
            "termid": "2014/02",
            "listingorder": 6,
            "completionorder": 6
        }
    ],
    "userid": "111111900",
    "attachments": []
}