{
    "activityid": 15829,
    "fields": {
        "Type": "Presentation",
        "Title of Presentation": "Rendering the Obscure Dialect of a Living Writers' Minor Language",
        "Conference/Meeting Name": "American Literary Translators Association",
        "Conference Location": "Rochester, NY",
        "Date or Date Range": "2012-10-31",
        "Actual/Projected Year of Publication/Presentation": 2012,
        "Sponsoring Organization": "ALTA",
        "Presenter(s)": null,
        "Web Address": "",
        "Description/Abstract": "",
        "Origin": "Other"
    },
    "facultyid": "113070031",
    "coauthors": {
        "64632": {
            "firstname": "Clyde",
            "middleinitial": "Andrew",
            "lastname": "Moneyhun",
            "percentcontribution": "0",
            "sameschoolflag": 1,
            "facultyid": "113070031",
            "authorid": 64632,
            "scholarlyactivityid": 15829
        }
    },
    "status": [
        {
            "id": 15829,
            "status": "Completed/Published",
            "term": "Fall",
            "year": 2012,
            "termid": "2012/02",
            "listingorder": 6,
            "completionorder": 6
        }
    ],
    "userid": "113070031",
    "attachments": []
}