{
    "activityid": 15828,
    "fields": {
        "Type": "Presentation",
        "Title of Presentation": "Models for Writing Center-Based WAC Mentors Programs",
        "Conference/Meeting Name": "Annual Meeting of the International Writing Centers Association",
        "Conference Location": "San Diego, CA",
        "Date or Date Range": "2012-11-30",
        "Actual/Projected Year of Publication/Presentation": 2012,
        "Sponsoring Organization": "IWCA",
        "Presenter(s)": null,
        "Web Address": "",
        "Description/Abstract": "",
        "Origin": "Other"
    },
    "facultyid": "113070031",
    "coauthors": {
        "64631": {
            "firstname": "Clyde",
            "middleinitial": "Andrew",
            "lastname": "Moneyhun",
            "percentcontribution": "0",
            "sameschoolflag": 1,
            "facultyid": "113070031",
            "authorid": 64631,
            "scholarlyactivityid": 15828
        }
    },
    "status": [
        {
            "id": 15828,
            "status": "Completed/Published",
            "term": "Fall",
            "year": 2012,
            "termid": "2012/02",
            "listingorder": 6,
            "completionorder": 6
        }
    ],
    "userid": "113070031",
    "attachments": []
}