{
    "activityid": 15832,
    "fields": {
        "Type": "Presentation",
        "Title of Presentation": "&quot;'Amb veu de dona':  Marcal's ecriture feminine&quot;",
        "Conference/Meeting Name": "Rocky Mountain MLA",
        "Conference Location": "Boise, ID",
        "Date or Date Range": "2014-10-31",
        "Actual/Projected Year of Publication/Presentation": 2014,
        "Sponsoring Organization": "",
        "Presenter(s)": null,
        "Web Address": "",
        "Description/Abstract": "",
        "Origin": "Other"
    },
    "facultyid": "113070031",
    "coauthors": {
        "64638": {
            "firstname": "Clyde",
            "middleinitial": "Andrew",
            "lastname": "Moneyhun",
            "percentcontribution": "0",
            "sameschoolflag": 1,
            "facultyid": "113070031",
            "authorid": 64638,
            "scholarlyactivityid": 15832
        }
    },
    "status": [
        {
            "id": 15832,
            "status": "Completed/Published",
            "term": "Fall",
            "year": 2014,
            "termid": "2014/02",
            "listingorder": 6,
            "completionorder": 6
        }
    ],
    "userid": "113070031",
    "attachments": []
}