{
    "activityid": 15836,
    "fields": {
        "Type": "Presentation",
        "Title of Presentation": "Rethinking Writing Center Space with Behaviorial Geography and Interactive Design",
        "Conference/Meeting Name": "National Conference on Peer Tutoring in Writing",
        "Conference Location": "Salt Lake City, Utah",
        "Date or Date Range": "2015-11-07",
        "Actual/Projected Year of Publication/Presentation": 2015,
        "Sponsoring Organization": "",
        "Presenter(s)": null,
        "Web Address": "",
        "Description/Abstract": "",
        "Origin": "Other"
    },
    "facultyid": "113070031",
    "coauthors": {
        "64642": {
            "firstname": "Clyde",
            "middleinitial": "Andrew",
            "lastname": "Moneyhun",
            "percentcontribution": "0",
            "sameschoolflag": 1,
            "facultyid": "113070031",
            "authorid": 64642,
            "scholarlyactivityid": 15836
        }
    },
    "status": [
        {
            "id": 15836,
            "status": "Completed/Published",
            "term": "Fall",
            "year": 2015,
            "termid": "2015/02",
            "listingorder": 6,
            "completionorder": 6
        }
    ],
    "userid": "113070031",
    "attachments": []
}