{
    "activityid": 15835,
    "fields": {
        "Type": "Presentation",
        "Title of Presentation": "Invited Bilingual Reading",
        "Conference/Meeting Name": "American Literary Translators Association",
        "Conference Location": "Milwaukee",
        "Date or Date Range": "2014-11-30",
        "Actual/Projected Year of Publication/Presentation": 2014,
        "Sponsoring Organization": "",
        "Presenter(s)": null,
        "Web Address": "",
        "Description/Abstract": "",
        "Origin": "Other"
    },
    "facultyid": "113070031",
    "coauthors": {
        "64641": {
            "firstname": "Clyde",
            "middleinitial": "Andrew",
            "lastname": "Moneyhun",
            "percentcontribution": "0",
            "sameschoolflag": 1,
            "facultyid": "113070031",
            "authorid": 64641,
            "scholarlyactivityid": 15835
        }
    },
    "status": [
        {
            "id": 15835,
            "status": "Completed/Published",
            "term": "Fall",
            "year": 2014,
            "termid": "2014/02",
            "listingorder": 6,
            "completionorder": 6
        }
    ],
    "userid": "113070031",
    "attachments": []
}