{
    "activityid": 15833,
    "fields": {
        "Type": "Presentation",
        "Title of Presentation": "&quot;Tutoring Creative Writing Students&quot;",
        "Conference/Meeting Name": "IWCA/NCPTW",
        "Conference Location": "Orlando, FL",
        "Date or Date Range": "2014-10-31",
        "Actual/Projected Year of Publication/Presentation": 2014,
        "Sponsoring Organization": "",
        "Presenter(s)": null,
        "Web Address": "",
        "Description/Abstract": "",
        "Origin": "Other"
    },
    "facultyid": "113070031",
    "coauthors": {
        "64639": {
            "firstname": "Clyde",
            "middleinitial": "Andrew",
            "lastname": "Moneyhun",
            "percentcontribution": "0",
            "sameschoolflag": 1,
            "facultyid": "113070031",
            "authorid": 64639,
            "scholarlyactivityid": 15833
        }
    },
    "status": [
        {
            "id": 15833,
            "status": "Completed/Published",
            "term": "Fall",
            "year": 2014,
            "termid": "2014/02",
            "listingorder": 6,
            "completionorder": 6
        }
    ],
    "userid": "113070031",
    "attachments": []
}