{
    "activityid": 15917,
    "fields": {
        "Type": "Presentation",
        "Title of Presentation": "Skype discussion with graduate students in the RCTE program at the University of Arizona to discuss metanoia",
        "Conference/Meeting Name": "Trends &amp; Methods in Rhetoric graduate seminar course",
        "Conference Location": "",
        "Date or Date Range": "2015-12-10",
        "Actual/Projected Year of Publication/Presentation": 2015,
        "Sponsoring Organization": "University of Arizona (via Skype)",
        "Presenter(s)": null,
        "Web Address": "",
        "Description/Abstract": "",
        "Origin": "Other"
    },
    "facultyid": "114004157",
    "coauthors": {
        "92134": {
            "firstname": "Kelly",
            "middleinitial": "",
            "lastname": "Myers",
            "percentcontribution": "",
            "sameschoolflag": 1,
            "facultyid": "114004157",
            "authorid": 92134,
            "scholarlyactivityid": 15917
        }
    },
    "status": [
        {
            "id": 15917,
            "status": "Completed/Published",
            "term": "Fall",
            "year": 2015,
            "termid": "2015/02",
            "listingorder": 6,
            "completionorder": 6
        }
    ],
    "userid": "114004157",
    "attachments": []
}