{
    "activityid": 15912,
    "fields": {
        "Type": "Presentation",
        "Title of Presentation": "If at First You Don't Succeed: Considering Failure as Critical In(ter)vention",
        "Conference/Meeting Name": "Council of Writing Program Administrators",
        "Conference Location": "Boise, ID",
        "Date or Date Range": "2015-07-17",
        "Actual/Projected Year of Publication/Presentation": 2015,
        "Sponsoring Organization": "Council of Writing Program Administrators",
        "Presenter(s)": null,
        "Web Address": "",
        "Description/Abstract": "This dialogic panel reflects on the role of failure in the success-driven space of the academy.  We argue that narrating and examining the conditions of failure affords opportunities to critically assess a success-driven culture and to present (counter)narratives of our work which redefine the rigid boundaries of failure and success and the conditions that constrain and enable each.",
        "Origin": "Other"
    },
    "facultyid": "114004157",
    "coauthors": {
        "64777": {
            "firstname": "Whitney",
            "middleinitial": "",
            "lastname": "Douglas",
            "percentcontribution": "0",
            "sameschoolflag": 1,
            "facultyid": "111600516",
            "authorid": 64777,
            "scholarlyactivityid": 15912
        },
        "64778": {
            "firstname": "Kelly",
            "middleinitial": "",
            "lastname": "Myers",
            "percentcontribution": "0",
            "sameschoolflag": 1,
            "facultyid": "114004157",
            "authorid": 64778,
            "scholarlyactivityid": 15912
        },
        "64779": {
            "firstname": "Shari",
            "middleinitial": "",
            "lastname": "Stenberg",
            "percentcontribution": "0",
            "sameschoolflag": 0,
            "facultyid": null,
            "authorid": 64779,
            "scholarlyactivityid": 15912
        },
        "64780": {
            "firstname": "Zachary",
            "middleinitial": "",
            "lastname": "Beare",
            "percentcontribution": "0",
            "sameschoolflag": 0,
            "facultyid": null,
            "authorid": 64780,
            "scholarlyactivityid": 15912
        }
    },
    "status": [
        {
            "id": 15912,
            "status": "Completed/Published",
            "term": "Summer",
            "year": 2015,
            "termid": "2015/01",
            "listingorder": 6,
            "completionorder": 6
        }
    ],
    "userid": "114004157",
    "attachments": []
}