{
    "activityid": 16087,
    "fields": {
        "Type": "Presentation",
        "Title of Presentation": "Heightening Language and Dramatic Tension in Storytelling",
        "Conference/Meeting Name": "Idaho Writers Guild Workshop Series",
        "Conference Location": "The Water Cooler, 14th and Idaho, Boise",
        "Date or Date Range": "2015-01-21",
        "Actual/Projected Year of Publication/Presentation": 2015,
        "Sponsoring Organization": "Idaho Writers Guild",
        "Presenter(s)": null,
        "Web Address": "",
        "Description/Abstract": "The pitch: Stories ask readers to invest energy and emotion in these questions: What does this character want? How is she going to get it? What stands in his way? What are the consequences\u2014of failure or success? In this workshop, we explore the tools of narrative structure and voice that insist your readers care about the answers.",
        "Origin": "Other"
    },
    "facultyid": "111301723",
    "coauthors": {
        "65225": {
            "firstname": "Heidi",
            "middleinitial": "",
            "lastname": "Naylor",
            "percentcontribution": "0",
            "sameschoolflag": 1,
            "facultyid": "111301723",
            "authorid": 65225,
            "scholarlyactivityid": 16087
        }
    },
    "status": [
        {
            "id": 16087,
            "status": "Completed/Published",
            "term": "Spring",
            "year": 2015,
            "termid": "2014/03",
            "listingorder": 6,
            "completionorder": 6
        }
    ],
    "userid": "111301723",
    "attachments": []
}