{
    "activityid": 16093,
    "fields": {
        "Type": "Presentation",
        "Title of Presentation": "Faraway Friends: John Abbot's Insect and Plant Watercolors at the Alexander Turnbull Library",
        "Conference/Meeting Name": "",
        "Conference Location": "New Zealand",
        "Date or Date Range": "2013-05-31",
        "Actual/Projected Year of Publication/Presentation": 2013,
        "Sponsoring Organization": "Art History Department, Victoria University of Wellington",
        "Presenter(s)": null,
        "Web Address": "",
        "Description/Abstract": "",
        "Origin": "Other"
    },
    "facultyid": "112033842",
    "coauthors": {
        "65234": {
            "firstname": "Janice",
            "middleinitial": "",
            "lastname": "Neri",
            "percentcontribution": "0",
            "sameschoolflag": 1,
            "facultyid": "112033842",
            "authorid": 65234,
            "scholarlyactivityid": 16093
        }
    },
    "status": [
        {
            "id": 16093,
            "status": "Completed/Published",
            "term": "Spring",
            "year": 2013,
            "termid": "2012/03",
            "listingorder": 6,
            "completionorder": 6
        }
    ],
    "userid": "112033842",
    "attachments": []
}