{
    "activityid": 16096,
    "fields": {
        "Type": "Presentation",
        "Title of Presentation": "Made for an Emperor: Performing Knowledge of Nature in a Sixteenth-Century Illuminated Manuscript",
        "Conference/Meeting Name": "Performing Knowledge in the Early Modern World",
        "Conference Location": "Boise State University ",
        "Date or Date Range": "2012-02-28",
        "Actual/Projected Year of Publication/Presentation": 2012,
        "Sponsoring Organization": "Group for Early Modern Studies",
        "Presenter(s)": null,
        "Web Address": "",
        "Description/Abstract": "",
        "Origin": "Other"
    },
    "facultyid": "112033842",
    "coauthors": {
        "65237": {
            "firstname": "Janice",
            "middleinitial": "",
            "lastname": "Neri",
            "percentcontribution": "0",
            "sameschoolflag": 1,
            "facultyid": "112033842",
            "authorid": 65237,
            "scholarlyactivityid": 16096
        }
    },
    "status": [
        {
            "id": 16096,
            "status": "Completed/Published",
            "term": "Spring",
            "year": 2012,
            "termid": "2011/03",
            "listingorder": 6,
            "completionorder": 6
        }
    ],
    "userid": "112033842",
    "attachments": []
}