{
    "activityid": 16097,
    "fields": {
        "Type": "Presentation",
        "Title of Presentation": "Paper Kingdoms: Mary Delany, the Duchess of Portland, and the Delicacies of Nature",
        "Conference/Meeting Name": "Curious Specimens ",
        "Conference Location": "London",
        "Date or Date Range": "2010-04-30",
        "Actual/Projected Year of Publication/Presentation": 2010,
        "Sponsoring Organization": "Victoria &amp; Albert Museum",
        "Presenter(s)": null,
        "Web Address": "",
        "Description/Abstract": "",
        "Origin": "Other"
    },
    "facultyid": "112033842",
    "coauthors": {
        "65238": {
            "firstname": "Janice",
            "middleinitial": "",
            "lastname": "Neri",
            "percentcontribution": "0",
            "sameschoolflag": 1,
            "facultyid": "112033842",
            "authorid": 65238,
            "scholarlyactivityid": 16097
        }
    },
    "status": [
        {
            "id": 16097,
            "status": "Completed/Published",
            "term": "Spring",
            "year": 2010,
            "termid": "2009/03",
            "listingorder": 6,
            "completionorder": 6
        }
    ],
    "userid": "112033842",
    "attachments": []
}