{
    "activityid": 16094,
    "fields": {
        "Type": "Presentation",
        "Title of Presentation": "Collecting and Representing Nature in the Seventeenth and Eighteenth Centuries",
        "Conference/Meeting Name": "",
        "Conference Location": "Northwest Nazarene University",
        "Date or Date Range": "2012-03-31",
        "Actual/Projected Year of Publication/Presentation": 2012,
        "Sponsoring Organization": "Art Department",
        "Presenter(s)": null,
        "Web Address": "",
        "Description/Abstract": "Guest lecture for art history class",
        "Origin": "Other"
    },
    "facultyid": "112033842",
    "coauthors": {
        "65235": {
            "firstname": "Janice",
            "middleinitial": "",
            "lastname": "Neri",
            "percentcontribution": "0",
            "sameschoolflag": 1,
            "facultyid": "112033842",
            "authorid": 65235,
            "scholarlyactivityid": 16094
        }
    },
    "status": [
        {
            "id": 16094,
            "status": "Completed/Published",
            "term": "Spring",
            "year": 2012,
            "termid": "2011/03",
            "listingorder": 6,
            "completionorder": 6
        }
    ],
    "userid": "112033842",
    "attachments": []
}