{
    "activityid": 16149,
    "fields": {
        "Type": "Presentation",
        "Title of Presentation": "Implementing MPLP Practices",
        "Conference/Meeting Name": "Hidden Collections Symposium",
        "Conference Location": "",
        "Date or Date Range": "2010-03-31",
        "Actual/Projected Year of Publication/Presentation": 2010,
        "Sponsoring Organization": "Council on Library and Information Resources",
        "Presenter(s)": null,
        "Web Address": "",
        "Description/Abstract": "This breakout session will discuss the challenges and benefits of implementing Greene and Meissner's 'More Product Less Process.' What is your institution's policy? How did you implement an MPLP program? How has MPLP been incorporated/written into your processing manual, standards, etc.? What are some best practices? Are there certain standards always used? What does not work and why? How do you train students/interns/employees? How flexible are you \u2013 i.e., do you apply different methods to different series or try to be strictly consistent? Are there new ideas beyond Greene and Meissner? How does utilizing MPLP affect budget/funding?",
        "Origin": "Other"
    },
    "facultyid": "113144147",
    "coauthors": {
        "107964": {
            "firstname": "Cheryl",
            "middleinitial": "",
            "lastname": "Oestreicher",
            "percentcontribution": "",
            "sameschoolflag": 1,
            "facultyid": "113144147",
            "authorid": 107964,
            "scholarlyactivityid": 16149,
            "classifications": {
                "Role": "Presenter"
            }
        }
    },
    "status": [
        {
            "id": 16149,
            "status": "Completed/Published",
            "term": "Spring",
            "year": 2010,
            "termid": "2009/03",
            "listingorder": 6,
            "completionorder": 6
        }
    ],
    "userid": "113144147",
    "attachments": []
}