{
    "activityid": 16148,
    "fields": {
        "Type": "Presentation",
        "Title of Presentation": "Nothing's Perfect in Processing: Implementing MPLP and DACS to Create Access",
        "Conference/Meeting Name": "Annual Meeting",
        "Conference Location": "",
        "Date or Date Range": "2011-10-31",
        "Actual/Projected Year of Publication/Presentation": 2011,
        "Sponsoring Organization": "Society of Georgia Archivists ",
        "Presenter(s)": null,
        "Web Address": "",
        "Description/Abstract": "This session addresses the emerging standards of DACS and MPLP for arranging and describing collections. Learn the tools and resources for best practices, as well as how to write and implement policies and manuals to establish institutional standards.",
        "Origin": "Other"
    },
    "facultyid": "113144147",
    "coauthors": {
        "107962": {
            "firstname": "Cheryl",
            "middleinitial": "",
            "lastname": "Oestreicher",
            "percentcontribution": "",
            "sameschoolflag": 1,
            "facultyid": "113144147",
            "authorid": 107962,
            "scholarlyactivityid": 16148,
            "classifications": {
                "Role": "Presenter"
            }
        },
        "107963": {
            "firstname": "Paul",
            "middleinitial": "",
            "lastname": "Crater",
            "percentcontribution": "",
            "sameschoolflag": 0,
            "facultyid": null,
            "authorid": 107963,
            "scholarlyactivityid": 16148,
            "classifications": {
                "Role": "Presenter"
            }
        }
    },
    "status": [
        {
            "id": 16148,
            "status": "Completed/Published",
            "term": "Fall",
            "year": 2011,
            "termid": "2011/02",
            "listingorder": 6,
            "completionorder": 6
        }
    ],
    "userid": "113144147",
    "attachments": []
}