{
    "activityid": 16145,
    "fields": {
        "Type": "Presentation",
        "Title of Presentation": "Jean Childs Young: The Activist Beside the Activist",
        "Conference/Meeting Name": "Southern American Studies Association Conference",
        "Conference Location": "Atlanta, GA",
        "Date or Date Range": "2011-04-30",
        "Actual/Projected Year of Publication/Presentation": 2011,
        "Sponsoring Organization": "",
        "Presenter(s)": null,
        "Web Address": "",
        "Description/Abstract": "Atlanta is known for its Civil Rights leaders, yet less is known about the leadership roles of their wives. Jean Childs Young, wife of Andrew Young, thought of herself less as Andrew\u2019s wife and more as his partner as she supported him through his numerous roles as a minister, civil rights leader, politician, and public figure. She did not limit herself to her role as a wife and mother, and she provided community and international leadership as a teacher and activist for civil rights, children\u2019s rights, and education. This presentation explores Jean\u2019s role as a wife, mother, and activist and how her personal papers document her activities, providing new insight into the unexplored life of a prominent African-American woman both in and beyond the South.",
        "Origin": "Other"
    },
    "facultyid": "113144147",
    "coauthors": {
        "107960": {
            "firstname": "Cheryl",
            "middleinitial": "",
            "lastname": "Oestreicher",
            "percentcontribution": "",
            "sameschoolflag": 1,
            "facultyid": "113144147",
            "authorid": 107960,
            "scholarlyactivityid": 16145,
            "classifications": {
                "Role": "Presenter"
            }
        }
    },
    "status": [
        {
            "id": 16145,
            "status": "Completed/Published",
            "term": "Spring",
            "year": 2011,
            "termid": "2010/03",
            "listingorder": 6,
            "completionorder": 6
        }
    ],
    "userid": "113144147",
    "attachments": []
}