{
    "activityid": 16151,
    "fields": {
        "Type": "Presentation",
        "Title of Presentation": "&quot;Adapting Humanities Scholarship to Digital Environments and Methods&quot;",
        "Conference/Meeting Name": "",
        "Conference Location": "USAFA",
        "Date or Date Range": "2012-10-18",
        "Actual/Projected Year of Publication/Presentation": 2012,
        "Sponsoring Organization": "Dept. of English, United States Air Force Academy ",
        "Presenter(s)": null,
        "Web Address": "",
        "Description/Abstract": "Invited lecture on the rise of digital humanities and the means traditional humanists can take to adapt existing scholarship to the movement. Methods covered by the lecture include image analysis, digital curation, and geo-temporal mapping.",
        "Origin": "Other"
    },
    "facultyid": "111643332",
    "coauthors": {
        "65341": {
            "firstname": "Steven",
            "middleinitial": "Steven",
            "lastname": "Olsen-Smith",
            "percentcontribution": "0",
            "sameschoolflag": 1,
            "facultyid": "111643332",
            "authorid": 65341,
            "scholarlyactivityid": 16151
        }
    },
    "status": [
        {
            "id": 16151,
            "status": "Completed/Published",
            "term": "Fall",
            "year": 2012,
            "termid": "2012/02",
            "listingorder": 6,
            "completionorder": 6
        }
    ],
    "userid": "111643332",
    "attachments": []
}