{
    "activityid": 16319,
    "fields": {
        "Type": "Presentation",
        "Title of Presentation": "&quot;Get Involved: Participation and/as Form&quot;",
        "Conference/Meeting Name": "",
        "Conference Location": "Columbus, OH",
        "Date or Date Range": "2013-06-24",
        "Actual/Projected Year of Publication/Presentation": 2013,
        "Sponsoring Organization": "Marxist Literary Group Institute for Culture and Society",
        "Presenter(s)": null,
        "Web Address": "",
        "Description/Abstract": "",
        "Origin": "Other"
    },
    "facultyid": "113024765",
    "coauthors": {
        "65783": {
            "firstname": "Craig",
            "middleinitial": "",
            "lastname": "Peariso",
            "percentcontribution": "0",
            "sameschoolflag": 1,
            "facultyid": "113024765",
            "authorid": 65783,
            "scholarlyactivityid": 16319
        }
    },
    "status": [
        {
            "id": 16319,
            "status": "Completed/Published",
            "term": "Summer",
            "year": 2013,
            "termid": "2013/01",
            "listingorder": 6,
            "completionorder": 6
        }
    ],
    "userid": "113024765",
    "attachments": []
}