{
    "activityid": 16315,
    "fields": {
        "Type": "Presentation",
        "Title of Presentation": "&quot;Rhetorical Uses of Mythos in Religious and Secular Discourses of Faith-Centered Scholars&quot;",
        "Conference/Meeting Name": "Conference on College Composition and Communication ",
        "Conference Location": "San Francisco, CA",
        "Date or Date Range": "2009-03-12",
        "Actual/Projected Year of Publication/Presentation": 2009,
        "Sponsoring Organization": "CCC",
        "Presenter(s)": null,
        "Web Address": "",
        "Description/Abstract": "",
        "Origin": "Other"
    },
    "facultyid": "111110239",
    "coauthors": {
        "65779": {
            "firstname": "Michelle",
            "middleinitial": "Marie",
            "lastname": "Payne",
            "percentcontribution": "0",
            "sameschoolflag": 1,
            "facultyid": "111110239",
            "authorid": 65779,
            "scholarlyactivityid": 16315
        }
    },
    "status": [
        {
            "id": 16315,
            "status": "Completed/Published",
            "term": "Spring",
            "year": 2009,
            "termid": "2008/03",
            "listingorder": 6,
            "completionorder": 6
        }
    ],
    "userid": "111110239",
    "attachments": []
}