{
    "activityid": 16320,
    "fields": {
        "Type": "Presentation",
        "Title of Presentation": "&quot;Caricature and 'Disaster Capital'&quot;",
        "Conference/Meeting Name": "",
        "Conference Location": "Montreal",
        "Date or Date Range": "2011-11-30",
        "Actual/Projected Year of Publication/Presentation": 2011,
        "Sponsoring Organization": "American Society for Theater Research",
        "Presenter(s)": null,
        "Web Address": "",
        "Description/Abstract": "",
        "Origin": "Other"
    },
    "facultyid": "113024765",
    "coauthors": {
        "65784": {
            "firstname": "Craig",
            "middleinitial": "",
            "lastname": "Peariso",
            "percentcontribution": "0",
            "sameschoolflag": 1,
            "facultyid": "113024765",
            "authorid": 65784,
            "scholarlyactivityid": 16320
        }
    },
    "status": [
        {
            "id": 16320,
            "status": "Completed/Published",
            "term": "Fall",
            "year": 2011,
            "termid": "2011/02",
            "listingorder": 6,
            "completionorder": 6
        }
    ],
    "userid": "113024765",
    "attachments": []
}