{
    "activityid": 16322,
    "fields": {
        "Type": "Presentation",
        "Title of Presentation": "&quot;The Insistent Visibility of Disappearance&quot;",
        "Conference/Meeting Name": "",
        "Conference Location": "Chicago, IL",
        "Date or Date Range": "2010-02-28",
        "Actual/Projected Year of Publication/Presentation": 2010,
        "Sponsoring Organization": "College Art Association",
        "Presenter(s)": null,
        "Web Address": "",
        "Description/Abstract": "",
        "Origin": "Other"
    },
    "facultyid": "113024765",
    "coauthors": {
        "65786": {
            "firstname": "Craig",
            "middleinitial": "",
            "lastname": "Peariso",
            "percentcontribution": "0",
            "sameschoolflag": 1,
            "facultyid": "113024765",
            "authorid": 65786,
            "scholarlyactivityid": 16322
        }
    },
    "status": [
        {
            "id": 16322,
            "status": "Completed/Published",
            "term": "Spring",
            "year": 2010,
            "termid": "2009/03",
            "listingorder": 6,
            "completionorder": 6
        }
    ],
    "userid": "113024765",
    "attachments": []
}