{
    "activityid": 16326,
    "fields": {
        "Type": "Presentation",
        "Title of Presentation": "Edgewalking with Feeling",
        "Conference/Meeting Name": "Western Literature Association 2007 conference",
        "Conference Location": "Tacoma, WA",
        "Date or Date Range": "2007-10-31",
        "Actual/Projected Year of Publication/Presentation": 2007,
        "Sponsoring Organization": "Western Literature Association",
        "Presenter(s)": null,
        "Web Address": "",
        "Description/Abstract": "",
        "Origin": "Other"
    },
    "facultyid": "111643336",
    "coauthors": {
        "65796": {
            "firstname": "Tara",
            "middleinitial": "C",
            "lastname": "Penry",
            "percentcontribution": "0",
            "sameschoolflag": 1,
            "facultyid": "111643336",
            "authorid": 65796,
            "scholarlyactivityid": 16326
        }
    },
    "status": [
        {
            "id": 16326,
            "status": "Completed/Published",
            "term": "Fall",
            "year": 2007,
            "termid": "2007/02",
            "listingorder": 6,
            "completionorder": 6
        }
    ],
    "userid": "111643336",
    "attachments": []
}