{
    "activityid": 16325,
    "fields": {
        "Type": "Presentation",
        "Title of Presentation": "Imagining the Unwritten Western Book",
        "Conference/Meeting Name": "Thomas Wolfe in the West",
        "Conference Location": "Boise, ID",
        "Date or Date Range": "2013-05-31",
        "Actual/Projected Year of Publication/Presentation": 2013,
        "Sponsoring Organization": "Thomas Wolfe Society",
        "Presenter(s)": null,
        "Web Address": "",
        "Description/Abstract": "",
        "Origin": "Other"
    },
    "facultyid": "111643336",
    "coauthors": {
        "65795": {
            "firstname": "Tara",
            "middleinitial": "C",
            "lastname": "Penry",
            "percentcontribution": "0",
            "sameschoolflag": 1,
            "facultyid": "111643336",
            "authorid": 65795,
            "scholarlyactivityid": 16325
        }
    },
    "status": [
        {
            "id": 16325,
            "status": "Completed/Published",
            "term": "Spring",
            "year": 2013,
            "termid": "2012/03",
            "listingorder": 6,
            "completionorder": 6
        }
    ],
    "userid": "111643336",
    "attachments": []
}