{
    "activityid": 16330,
    "fields": {
        "Type": "Presentation",
        "Title of Presentation": "Beyond Local Color:  How Bret Harte the Civil War Poet Became a Romancer of National Union",
        "Conference/Meeting Name": "Western Literature Association",
        "Conference Location": "Berkeley, CA",
        "Date or Date Range": "2013-10-31",
        "Actual/Projected Year of Publication/Presentation": 2013,
        "Sponsoring Organization": "Western Literature Association",
        "Presenter(s)": null,
        "Web Address": "",
        "Description/Abstract": "",
        "Origin": "Other"
    },
    "facultyid": "111643336",
    "coauthors": {
        "92625": {
            "firstname": "Tara",
            "middleinitial": "C",
            "lastname": "Penry",
            "percentcontribution": "",
            "sameschoolflag": 1,
            "facultyid": "111643336",
            "authorid": 92625,
            "scholarlyactivityid": 16330
        }
    },
    "status": [
        {
            "id": 16330,
            "status": "Completed/Published",
            "term": "Fall",
            "year": 2013,
            "termid": "2013/02",
            "listingorder": 6,
            "completionorder": 6
        }
    ],
    "userid": "111643336",
    "attachments": []
}