{
    "activityid": 16335,
    "fields": {
        "Type": "Presentation",
        "Title of Presentation": "Bret Harte in British Periodicals in the Year of Oscar Wilde:  Internationalizing the Western Romance",
        "Conference/Meeting Name": "Califia: The West Calling the World",
        "Conference Location": "Berkeley, CA",
        "Date or Date Range": "2013-10-31",
        "Actual/Projected Year of Publication/Presentation": 2013,
        "Sponsoring Organization": "Western Literature Association",
        "Presenter(s)": null,
        "Web Address": "",
        "Description/Abstract": "",
        "Origin": "Other"
    },
    "facultyid": "111643336",
    "coauthors": {
        "65805": {
            "firstname": "Tara",
            "middleinitial": "C",
            "lastname": "Penry",
            "percentcontribution": "0",
            "sameschoolflag": 1,
            "facultyid": "111643336",
            "authorid": 65805,
            "scholarlyactivityid": 16335
        }
    },
    "status": [
        {
            "id": 16335,
            "status": "Completed/Published",
            "term": "Fall",
            "year": 2013,
            "termid": "2013/02",
            "listingorder": 6,
            "completionorder": 6
        }
    ],
    "userid": "111643336",
    "attachments": []
}