{
    "activityid": 16339,
    "fields": {
        "Type": "Presentation",
        "Title of Presentation": "History of the Dual Immersion Program",
        "Conference/Meeting Name": "Dual Immersion Institute ",
        "Conference Location": "Boise Idaho",
        "Date or Date Range": "2013-02-09",
        "Actual/Projected Year of Publication/Presentation": 2013,
        "Sponsoring Organization": "IABE",
        "Presenter(s)": null,
        "Web Address": "",
        "Description/Abstract": "",
        "Origin": "Other"
    },
    "facultyid": "111727706",
    "coauthors": {
        "65809": {
            "firstname": "Claudia",
            "middleinitial": "",
            "lastname": "Peralta",
            "percentcontribution": "0",
            "sameschoolflag": 1,
            "facultyid": "111727706",
            "authorid": 65809,
            "scholarlyactivityid": 16339
        }
    },
    "status": [
        {
            "id": 16339,
            "status": "Completed/Published",
            "term": "Spring",
            "year": 2013,
            "termid": "2012/03",
            "listingorder": 6,
            "completionorder": 6
        }
    ],
    "userid": "111727706",
    "attachments": []
}