{
    "activityid": 16334,
    "fields": {
        "Type": "Presentation",
        "Title of Presentation": "Theorizing Emotion in Contemporary Western Life Writing",
        "Conference/Meeting Name": "Western Literature Association 2005 conference",
        "Conference Location": "Los Angeles, CA",
        "Date or Date Range": "2005-10-31",
        "Actual/Projected Year of Publication/Presentation": 2005,
        "Sponsoring Organization": "Western Literature Association",
        "Presenter(s)": null,
        "Web Address": "",
        "Description/Abstract": "",
        "Origin": "Other"
    },
    "facultyid": "111643336",
    "coauthors": {
        "65804": {
            "firstname": "Tara",
            "middleinitial": "C",
            "lastname": "Penry",
            "percentcontribution": "0",
            "sameschoolflag": 1,
            "facultyid": "111643336",
            "authorid": 65804,
            "scholarlyactivityid": 16334
        }
    },
    "status": [
        {
            "id": 16334,
            "status": "Completed/Published",
            "term": "Fall",
            "year": 2005,
            "termid": "2005/02",
            "listingorder": 6,
            "completionorder": 6
        }
    ],
    "userid": "111643336",
    "attachments": []
}