{
    "activityid": 16338,
    "fields": {
        "Type": "Presentation",
        "Title of Presentation": "Learning About a Community Through Film and Education",
        "Conference/Meeting Name": "Edulearn 13 ",
        "Conference Location": "",
        "Date or Date Range": "2013-06-01",
        "Actual/Projected Year of Publication/Presentation": 2013,
        "Sponsoring Organization": "",
        "Presenter(s)": null,
        "Web Address": "",
        "Description/Abstract": "",
        "Origin": "Other"
    },
    "facultyid": "111727706",
    "coauthors": {
        "65808": {
            "firstname": "Claudia",
            "middleinitial": "",
            "lastname": "Peralta",
            "percentcontribution": "0",
            "sameschoolflag": 1,
            "facultyid": "111727706",
            "authorid": 65808,
            "scholarlyactivityid": 16338
        }
    },
    "status": [
        {
            "id": 16338,
            "status": "Completed/Published",
            "term": "Summer",
            "year": 2013,
            "termid": "2013/01",
            "listingorder": 6,
            "completionorder": 6
        }
    ],
    "userid": "111727706",
    "attachments": []
}