{
    "activityid": 16342,
    "fields": {
        "Type": "Presentation",
        "Title of Presentation": "Crossing Seas and Oceans in Search for a Better Life: Notes on Refugees Stories",
        "Conference/Meeting Name": "New Echoes and Voices in Italian Studies",
        "Conference Location": "Rome, Italy",
        "Date or Date Range": "2013-06-14",
        "Actual/Projected Year of Publication/Presentation": 2013,
        "Sponsoring Organization": "",
        "Presenter(s)": null,
        "Web Address": "",
        "Description/Abstract": "",
        "Origin": "Other"
    },
    "facultyid": "111727706",
    "coauthors": {
        "65812": {
            "firstname": "Claudia",
            "middleinitial": "",
            "lastname": "Peralta",
            "percentcontribution": "0",
            "sameschoolflag": 1,
            "facultyid": "111727706",
            "authorid": 65812,
            "scholarlyactivityid": 16342
        }
    },
    "status": [
        {
            "id": 16342,
            "status": "Completed/Published",
            "term": "Summer",
            "year": 2013,
            "termid": "2013/01",
            "listingorder": 6,
            "completionorder": 6
        }
    ],
    "userid": "111727706",
    "attachments": []
}